id,firstname,lastname,course,year,gender
2026-0002,Ryan,Urbano,BA His,2,Female
2026-0003,Marnie,Mendoza,BA Pan,3,Other
2026-0004,Denise,Bautista,BA PoS,4,Male
2026-0005,Paula,Velez,BA Psych,1,Female
2026-0006,Gavin,Pineda,BA Soc,2,Other
2026-0007,Eric,Herrera,BAELS,3,Male
2026-0008,Ursula,Fernandez,BALCS,4,Female
2026-0009,Katherine,Enriquez,BET-CET,1,Other
2026-0010,Orlando,Zulueta,BET-ChET,2,Male
2026-0011,Cyrus,Velasco,BET-EET,3,Female
2026-0012,Grace,Hernandez,BET-EST,4,Other
2026-0013,George,Javier,BET-MET,1,Male
2026-0014,Ariana,Romero,BET-MMT,2,Female
2026-0015,Tristan,Domingo,BS Applied Physics,3,Other
2026-0016,Quinn,Espinosa,BS Bio-Animal Biology,4,Male
2026-0017,Grace,Luna,BS Bio-Biodiversity,1,Female
2026-0018,Nathan,Ocampo,BS Bio-Microbiology,2,Other
2026-0019,Wilma,Ablaza,BS Bio-Plant Biology,3,Male
2026-0020,Patricia,Yabut,BS Chem,4,Female
2026-0021,Andrea,Gatchalian,BS Econ,1,Other
2026-0022,Juan,Magtibay,BS HM,2,Male
2026-0023,Faith,Macaraeg,BS IAM,3,Female
2026-0024,Monica,Tiongson,BS Mar,4,Other
2026-0025,Hector,Nolasco,BS Math,1,Male
2026-0026,Paula,Magtibay,BS Physics,2,Female
2026-0027,Enzo,Roxas,BS Stat,3,Other
2026-0028,Joy,Del Rosario,BSA,4,Male
2026-0029,Joshua,Khan,BSBA-BE,1,Female
2026-0030,Ophelia,Co,BSBA-MM,2,Other
2026-0031,Faith,David,BSCE,3,Male
2026-0032,Valerie,Yabut,BSCE,4,Female
2026-0033,Mila,Mendoza,BSCS,1,Other
2026-0034,Joshua,Jacinto,BSCerE,2,Male
2026-0035,Zion,Javier,BSChE,3,Female
2026-0036,Wendy,Quisumbing,BSCpE,4,Other
2026-0037,Jose,Nguyen,BSECE,1,Male
2026-0038,Leah,Kabiling,BSEE,2,Female
2026-0039,Selena,Romero,BSEME,3,Other
2026-0040,Carmen,Osorio,BSENTREP,4,Male
2026-0041,Liam,Domingo,BSEnE,1,Female
2026-0042,Joy,Urbano,BSIS,2,Other
2026-0043,Noah,David,BSIT,3,Male
2026-0044,Faye,Nolasco,BSME,4,Female
2026-0045,Mia,Rivera,BSMEE,1,Other
2026-0046,Sebastian,Morales,BSMetE,2,Male
2026-0047,Dominic,Cabrera,BSCE,3,Female
2026-0048,Cyrus,Hernandez,BSPhil,4,Other
2026-0049,Zoe,Lopez,BSPsych,1,Male
2026-0050,Grace,Aguilar,BA Fil,2,Female
2026-0051,Celeste,Salvacion,BA His,3,Other
2026-0052,Noah,Inocencio,BA Pan,4,Male
2026-0053,Noah,Garcia,BA PoS,1,Female
2026-0054,Tobias,Tiongson,BA Psych,2,Other
2026-0055,Miguel,Perez,BA Soc,3,Male
2026-0056,Naomi,Bermudez,BAELS,4,Female
2026-0057,Mark,Neri,BALCS,1,Other
2026-0058,Lina,Inocencio,BET-CET,2,Male
2026-0059,Cedric,Fernandez,BET-ChET,3,Female
2026-0060,Simon,Torres,BET-EET,4,Other
2026-0061,Andrea,Jalandoni,BET-EST,1,Male
2026-0062,Katherine,Nolasco,BET-MET,2,Female
2026-0063,Paula,Quinones,BET-MMT,3,Other
2026-0064,Carlo,Luna,BS Applied Physics,4,Male
2026-0065,Paolo,Zulueta,BS Bio-Animal Biology,1,Female
2026-0066,Nicole,Baldwin,BS Bio-Biodiversity,2,Other
2026-0067,Christian,Bernardo,BS Bio-Microbiology,3,Male
2026-0068,Emilio,Aguilar,BS Bio-Plant Biology,4,Female
2026-0069,Patrick,Nolasco,BS Chem,1,Other
2026-0070,Wesley,Cruz,BS Econ,2,Male
2026-0071,Uriel,Zamora,BS HM,3,Female
2026-0072,Yvonne,Santiago,BS IAM,4,Other
2026-0073,Kenneth,Yason,BS Mar,1,Male
2026-0074,Tristan,Yabut,BS Math,2,Female
2026-0075,Dominic,Estrada,BS Physics,3,Other
2026-0076,Bea,Zamora,BS Stat,4,Male
2026-0077,Elena,Natividad,BSA,1,Female
2026-0078,Denise,Velasco,BSBA-BE,2,Other
2026-0079,Daphne,Padilla,BSBA-MM,3,Male
2026-0080,Luis,Paredes,BSCE,4,Female
2026-0081,Denise,Fuentes,BSCE,1,Other
2026-0082,Elias,Salazar,BSCS,2,Male
2026-0083,Zion,Luna,BSCerE,3,Female
2026-0084,Ramon,Castillo,BSChE,4,Other
2026-0085,Ian,Mendoza,BSCpE,1,Male
2026-0086,Perry,Madrigal,BSECE,2,Female
2026-0087,Jose,Salvacion,BSEE,3,Other
2026-0088,Olivia,Pascual,BSEME,4,Male
2026-0089,Alyssa,Umali,BSENTREP,1,Female
2026-0090,Simon,Sison,BSEnE,2,Other
2026-0091,Zion,Soriano,BSIS,3,Male
2026-0092,Lourdes,Cruz,BSIT,4,Female
2026-0093,Tessa,Cabrera,BSME,1,Other
2026-0094,Perry,Lorenzo,BSMEE,2,Male
2026-0095,Daphne,Ablaza,BSMetE,3,Female
2026-0096,Valerie,Domingo,BSCE,4,Other
2026-0097,Faith,Pascual,BSPhil,1,Male
2026-0098,Ariana,Alvarez,BSPsych,2,Female
2026-0099,Alyssa,Quinto,BA Fil,3,Other
2026-0100,Valerie,Salvacion,BA His,4,Male
2026-0101,Daphne,Umali,BA Pan,1,Female
2026-0102,Tessa,Enriquez,BA PoS,2,Other
2026-0103,Neil,Lacsamana,BA Psych,3,Male
2026-0104,Paolo,Joaquin,BA Soc,4,Female
2026-0105,Ella,De Leon,BAELS,1,Other
2026-0106,Hector,Perez,BALCS,2,Male
2026-0107,Elena,Zamora,BET-CET,3,Female
2026-0108,Eric,Calixto,BET-ChET,4,Other
2026-0109,Ariana,Kasim,BET-EET,1,Male
2026-0110,Wilma,Razon,BET-EST,2,Female
2026-0111,Elias,Pineda,BET-MET,3,Other
2026-0112,Wendy,Yason,BET-MMT,4,Male
2026-0113,Angela,Tagle,BS Applied Physics,1,Female
2026-0114,Vincent,Calderon,BS Bio-Animal Biology,2,Other
2026-0115,Brenda,Fuentes,BS Bio-Biodiversity,3,Male
2026-0116,Valerie,Fernandez,BS Bio-Microbiology,4,Female
2026-0117,Samuel,Fernandez,BS Bio-Plant Biology,1,Other
2026-0118,Nicole,Padilla,BS Chem,2,Male
2026-0119,Leah,Nolasco,BS Econ,3,Female
2026-0120,Sebastian,Lacsamana,BS HM,4,Other
2026-0121,Kevin,Torres,BS IAM,1,Male
2026-0122,Simon,Hidalgo,BS Mar,2,Female
2026-0123,Wesley,Cabrera,BS Math,3,Other
2026-0124,Samuel,Wong,BS Physics,4,Male
2026-0125,Isabella,Garcia,BS Stat,1,Female
2026-0126,Diana,Ong,BSA,2,Other
2026-0127,Aiden,Padilla,BSBA-BE,3,Male
2026-0128,Rita,Manansala,BSBA-MM,4,Female
2026-0129,Celeste,Ocampo,BSCE,1,Other
2026-0130,Miguel,Velasco,BSCE,2,Male
2026-0131,Paolo,Manansala,BSCS,3,Female
2026-0132,Monica,Kasim,BSCerE,4,Other
2026-0133,Tristan,Navarro,BSChE,1,Male
2026-0134,Ana,Rivera,BSCpE,2,Female
2026-0135,Ethan,Zamora,BSECE,3,Other
2026-0136,Jasmine,Abad,BSEE,4,Male
2026-0137,Juan,Salazar,BSEME,1,Female
2026-0138,Paula,Valencia,BSENTREP,2,Other
2026-0139,Eric,Fuentes,BSEnE,3,Male
2026-0140,Ursula,De Vera,BSIS,4,Female
2026-0141,Uriel,Kara,BSIT,1,Other
2026-0142,Noah,Jalandoni,BSME,2,Male
2026-0143,Juan,Pascual,BSMEE,3,Female
2026-0144,Jared,Santiago,BSMetE,4,Other
2026-0145,Janice,Guevara,BSCE,1,Male
2026-0146,Neil,Paredes,BSPhil,2,Female
2026-0147,Celeste,Urbano,BSPsych,3,Other
2026-0148,Laura,Lacsamana,BA Fil,4,Male
2026-0149,Olivia,Benedicto,BA His,1,Female
2026-0150,Kevin,David,BA Pan,2,Other
2026-0151,Rafael,Tiongson,BA PoS,3,Male
2026-0152,Naomi,Tiongson,BA Psych,4,Female
2026-0153,Maya,Cayetano,BA Soc,1,Other
2026-0154,Katherine,Manalo,BAELS,2,Male
2026-0155,Dylan,Dela Cruz,BALCS,3,Female
2026-0156,Selena,Calderon,BET-CET,4,Other
2026-0157,Perry,Soriano,BET-ChET,1,Male
2026-0158,Samuel,Valdez,BET-EET,2,Female
2026-0159,Patrick,Hilario,BET-EST,3,Other
2026-0160,Zion,Mercado,BET-MET,4,Male
2026-0161,Simon,Rivera,BET-MMT,1,Female
2026-0162,Queenie,Bermudez,BS Applied Physics,2,Other
2026-0163,Arman,Neri,BS Bio-Animal Biology,3,Male
2026-0164,Diana,Lacsamana,BS Bio-Biodiversity,4,Female
2026-0165,Nina,San Jose,BS Bio-Microbiology,1,Other
2026-0166,Carmen,Pineda,BS Bio-Plant Biology,2,Male
2026-0167,Dominic,Benedicto,BS Chem,3,Female
2026-0168,Rita,Baldwin,BS Econ,4,Other
2026-0169,Bella,Fuentes,BS HM,1,Male
2026-0170,Shiela,Kabiling,BS IAM,2,Female
2026-0171,Katherine,Tanada,BS Mar,3,Other
2026-0172,Martin,Razon,BS Math,4,Male
2026-0173,Leo,Uy,BS Physics,1,Female
2026-0174,Ian,Rivera,BS Stat,2,Other
2026-0175,Aiden,Fernandez,BSA,3,Male
2026-0176,Isagani,Santos,BSBA-BE,4,Female
2026-0177,Katherine,Kabiling,BSBA-MM,1,Other
2026-0178,Eric,Navarro,BSCE,2,Male
2026-0179,Daniel,Serrano,BSCE,3,Female
2026-0180,Gavin,Estrella,BSCS,4,Other
2026-0181,Nathan,Abad,BSCerE,1,Male
2026-0182,Carmen,Samson,BSChE,2,Female
2026-0183,Bella,Luna,BSCpE,3,Other
2026-0184,Queenie,Ledesma,BSECE,4,Male
2026-0185,Naomi,Nolasco,BSEE,1,Female
2026-0186,Katherine,Bermudez,BSEME,2,Other
2026-0187,Joshua,Macaraeg,BSENTREP,3,Male
2026-0188,Marnie,Morales,BSEnE,4,Female
2026-0189,Martin,Hilario,BSIS,1,Other
2026-0190,Marnie,Salazar,BSIT,2,Male
2026-0191,Bea,Ramos,BSME,3,Female
2026-0192,Isagani,Hilario,BSMEE,4,Other
2026-0193,Denise,Panganiban,BSMetE,1,Male
2026-0194,Heidi,Velasco,BSCE,2,Female
2026-0195,Naomi,Rivera,BSPhil,3,Other
2026-0196,Celeste,De Vera,BSPsych,4,Male
2026-0197,Xavier,Macaraeg,BA Fil,1,Female
2026-0198,Marnie,Yason,BA His,2,Other
2026-0199,Monica,Sison,BA Pan,3,Male
2026-0200,Shiela,Abad,BA PoS,4,Female
2026-0201,Perry,Macaraeg,BA Psych,1,Other
2026-0202,Victor,Mercado,BA Soc,2,Male
2026-0203,Miguel,Dizon,BAELS,3,Female
2026-0204,Jose,Padilla,BALCS,4,Other
2026-0205,Tristan,Rivera,BET-CET,1,Male
2026-0206,Hannah,Aguilar,BET-ChET,2,Female
2026-0207,Cedric,Quinto,BET-EET,3,Other
2026-0208,Wesley,Guevara,BET-EST,4,Male
2026-0209,Miguel,Uy,BET-MET,1,Female
2026-0210,Dylan,Joaquin,BET-MMT,2,Other
2026-0211,George,Kasim,BS Applied Physics,3,Male
2026-0212,Vincent,Mendoza,BS Bio-Animal Biology,4,Female
2026-0213,Nicole,Serrano,BS Bio-Biodiversity,1,Other
2026-0214,Monica,Velasco,BS Bio-Microbiology,2,Male
2026-0215,Katherine,Gonzales,BS Bio-Plant Biology,3,Female
2026-0216,Nicole,Dizon,BS Chem,4,Other
2026-0217,Dylan,Guevara,BS Econ,1,Male
2026-0218,Enzo,Aquino,BS HM,2,Female
2026-0219,Nicole,Zamora,BS IAM,3,Other
2026-0220,Elena,Bautista,BS Mar,4,Male
2026-0221,Gavin,Baldwin,BS Math,1,Female
2026-0222,Lara,Enriquez,BS Physics,2,Other
2026-0223,Isabella,Ledesma,BS Stat,3,Male
2026-0224,Lara,Wong,BSA,4,Female
2026-0225,Marnie,Fernandez,BSBA-BE,1,Other
2026-0226,Adrian,Estrella,BSBA-MM,2,Male
2026-0227,Bea,Del Rosario,BSCE,3,Female
2026-0228,Althea,Yap,BSCE,4,Other
2026-0229,Clarisse,Navarro,BSCS,1,Male
2026-0230,Wesley,Paredes,BSCerE,2,Female
2026-0231,Hazel,Morales,BSChE,3,Other
2026-0232,Ryan,David,BSCpE,4,Male
2026-0233,Sofia,Manalo,BSECE,1,Female
2026-0234,Yvonne,Rosales,BSEE,2,Other
2026-0235,Dominic,Enriquez,BSEME,3,Male
2026-0236,Cedric,Valencia,BSENTREP,4,Female
2026-0237,Ursula,Tanada,BSEnE,1,Other
2026-0238,George,Fernandez,BSIS,2,Male
2026-0239,Jose,Dizon,BSIT,3,Female
2026-0240,Zoe,Cabrera,BSME,4,Other
2026-0241,Enzo,San Jose,BSMEE,1,Male
2026-0242,Hector,Yap,BSMetE,2,Female
2026-0243,Ivan,Kabiling,BSCE,3,Other
2026-0244,Yana,Kasim,BSPhil,4,Male
2026-0245,Emilio,Ocampo,BSPsych,1,Female
2026-0246,Valerie,Ong,BA Fil,2,Other
2026-0247,Isagani,Pineda,BA His,3,Male
2026-0248,Emilio,Pineda,BA Pan,4,Female
2026-0249,Elena,Morales,BA PoS,1,Other
2026-0250,Mila,Padilla,BA Psych,2,Male
2026-0251,Mark,Samson,BA Soc,3,Female
2026-0252,Jasmine,Isidro,BAELS,4,Other
2026-0253,Rita,Benedicto,BALCS,1,Male
2026-0254,Ariel,Ablaza,BET-CET,2,Female
2026-0255,Isagani,Flores,BET-ChET,3,Other
2026-0256,Paula,Lacsamana,BET-EET,4,Male
2026-0257,Bella,Kara,BET-EST,1,Female
2026-0258,Quinn,Diaz,BET-MET,2,Other
2026-0259,Wesley,Tagle,BET-MMT,3,Male
2026-0260,George,Ortega,BS Applied Physics,4,Female
2026-0261,Ramon,Kabiling,BS Bio-Animal Biology,1,Other
2026-0262,Ursula,Lacsamana,BS Bio-Biodiversity,2,Male
2026-0263,Hannah,Samson,BS Bio-Microbiology,3,Female
2026-0264,Wilma,Gatdula,BS Bio-Plant Biology,4,Other
2026-0265,Wendy,Ilagan,BS Chem,1,Male
2026-0266,Leo,Bautista,BS Econ,2,Female
2026-0267,Carmen,Morales,BS HM,3,Other
2026-0268,Zion,Sanchez,BS IAM,4,Male
2026-0269,Yvette,Torres,BS Mar,1,Female
2026-0270,Lourdes,Estrada,BS Math,2,Other
2026-0271,Gabriel,Valencia,BS Physics,3,Male
2026-0272,Leah,Madrigal,BS Stat,4,Female
2026-0273,Lourdes,Lopez,BSA,1,Other
2026-0274,Ariana,Mercado,BSBA-BE,2,Male
2026-0275,Tristan,Salvacion,BSBA-MM,3,Female
2026-0276,Rafael,Romero,BSCE,4,Other
2026-0277,Daphne,Yason,BSCE,1,Male
2026-0278,Daniel,Gonzales,BSCS,2,Female
2026-0279,Ivan,Khan,BSCerE,3,Other
2026-0280,Grace,Yabut,BSChE,4,Male
2026-0281,Lourdes,Castillo,BSCpE,1,Female
2026-0282,Roderick,Ibrahim,BSECE,2,Other
2026-0283,Neil,Dizon,BSEE,3,Male
2026-0284,Ryan,Del Rosario,BSEME,4,Female
2026-0285,Gabriel,Bermudez,BSENTREP,1,Other
2026-0286,Frances,Samson,BSEnE,2,Male
2026-0287,Uriel,Espinosa,BSIS,3,Female
2026-0288,Joy,Madrigal,BSIT,4,Other
2026-0289,Uriel,Panganiban,BSME,1,Male
2026-0290,Lourdes,Aguilar,BSMEE,2,Female
2026-0291,Mia,Sison,BSMetE,3,Other
2026-0292,Isagani,Sison,BSCE,4,Male
2026-0293,Lina,Cayetano,BSPhil,1,Female
2026-0294,Neil,Velasco,BSPsych,2,Other
2026-0295,Nestor,Gatdula,BA Fil,3,Male
2026-0296,Rita,Hidalgo,BA His,4,Female
2026-0297,Denise,Zamora,BA Pan,1,Other
2026-0298,Uriel,Fuentes,BA PoS,2,Male
2026-0299,Grace,Zulueta,BA Psych,3,Female
2026-0300,Mia,Nolasco,BA Soc,4,Other
2026-0301,Uriel,Garcia,BAELS,1,Male
2026-0302,Marnie,San Jose,BALCS,2,Female
2026-0303,Yvette,Zamora,BET-CET,3,Other
2026-0304,Maria,Kara,BET-ChET,4,Male
2026-0305,Wesley,Garcia,BET-EET,1,Female
2026-0306,Queenie,Wong,BET-EST,2,Other
2026-0307,Valerie,Baldwin,BET-MET,3,Male
2026-0308,Vincent,Santiago,BET-MMT,4,Female
2026-0309,Yana,Valencia,BS Applied Physics,1,Other
2026-0310,Miguel,Morales,BS Bio-Animal Biology,2,Male
2026-0311,Kenneth,Macaraeg,BS Bio-Biodiversity,3,Female
2026-0312,Ryan,Umali,BS Bio-Microbiology,4,Other
2026-0313,Brenda,Isidro,BS Bio-Plant Biology,1,Male
2026-0314,Clara,Morales,BS Chem,2,Female
2026-0315,Monica,Cruz,BS Econ,3,Other
2026-0316,Ariel,Fernandez,BS HM,4,Male
2026-0317,Victor,Razon,BS IAM,1,Female
2026-0318,Faye,Pascual,BS Mar,2,Other
2026-0319,Xavier,Quinto,BS Math,3,Male
2026-0320,Zion,Aquino,BS Physics,4,Female
2026-0321,Paula,Perez,BS Stat,1,Other
2026-0322,Isagani,Gutierrez,BSA,2,Male
2026-0323,Leah,Domingo,BSBA-BE,3,Female
2026-0324,Leah,Inocencio,BSBA-MM,4,Other
2026-0325,Carlo,Estrella,BSCE,1,Male
2026-0326,Karl,Nolasco,BSCE,2,Female
2026-0327,Nicole,Perez,BSCS,3,Other
2026-0328,Irene,Cayetano,BSCerE,4,Male
2026-0329,Faith,Bernardo,BSChE,1,Female
2026-0330,Lourdes,Dela Cruz,BSCpE,2,Other
2026-0331,Joshua,Morales,BSECE,3,Male
2026-0332,George,Nguyen,BSEE,4,Female
2026-0333,Carmen,Inocencio,BSEME,1,Other
2026-0334,Paula,Aguilar,BSENTREP,2,Male
2026-0335,Frances,Lopez,BSEnE,3,Female
2026-0336,Samuel,Perez,BSIS,4,Other
2026-0337,Ariana,Gutierrez,BSIT,1,Male
2026-0338,Leah,Yason,BSME,2,Female
2026-0339,Dylan,Soriano,BSMEE,3,Other
2026-0340,Jose,Wong,BSMetE,4,Male
2026-0341,Heidi,Salvacion,BSCE,1,Female
2026-0342,Lina,Sison,BSPhil,2,Other
2026-0343,Finn,Javier,BSPsych,3,Male
2026-0344,Ulysses,Dizon,BA Fil,4,Female
2026-0345,Tristan,Cruz,BA His,1,Other
2026-0346,Ulysses,Lopez,BA Pan,2,Male
2026-0347,Martin,Yabut,BA PoS,3,Female
2026-0348,Clara,Aquino,BA Psych,4,Other
2026-0349,Ian,Macaraeg,BA Soc,1,Male
2026-0350,Joy,Uy,BAELS,2,Female
2026-0351,Isagani,Hernandez,BALCS,3,Other
2026-0352,Leo,Cabrera,BET-CET,4,Male
2026-0353,Cyrus,Fuentes,BET-ChET,1,Female
2026-0354,Tobias,Perez,BET-EET,2,Other
2026-0355,Clarisse,Zamora,BET-EST,3,Male
2026-0356,Isabella,Neri,BET-MET,4,Female
2026-0357,Ariel,Manansala,BET-MMT,1,Other
2026-0358,Ivan,David,BS Applied Physics,2,Male
2026-0359,Leo,Del Rosario,BS Bio-Animal Biology,3,Female
2026-0360,Isagani,Co,BS Bio-Biodiversity,4,Other
2026-0361,Christian,Dizon,BS Bio-Microbiology,1,Male
2026-0362,Tessa,Macaraeg,BS Bio-Plant Biology,2,Female
2026-0363,Victor,Uy,BS Chem,3,Other
2026-0364,Ryan,Jalandoni,BS Econ,4,Male
2026-0365,Mia,Tanada,BS HM,1,Female
2026-0366,Xavier,Wong,BS IAM,2,Other
2026-0367,Alyssa,Quijano,BS Mar,3,Male
2026-0368,Jared,Khan,BS Math,4,Female
2026-0369,Roderick,Quijano,BS Physics,1,Other
2026-0370,Zion,Isidro,BS Stat,2,Male
2026-0371,Wendy,Cayetano,BSA,3,Female
2026-0372,Lina,Morales,BSBA-BE,4,Other
2026-0373,Uriel,Del Rosario,BSBA-MM,1,Male
2026-0374,Jared,Ablaza,BSCE,2,Female
2026-0375,Andrea,Lopez,BSCE,3,Other
2026-0376,Ariel,David,BSCS,4,Male
2026-0377,Angela,Ledesma,BSCerE,1,Female
2026-0378,Gabriel,Gatdula,BSChE,2,Other
2026-0379,Daphne,Castillo,BSCpE,3,Male
2026-0380,Yvonne,Alvarez,BSECE,4,Female
2026-0381,Isabella,Uy,BSEE,1,Other
2026-0382,Roderick,Baldwin,BSEME,2,Male
2026-0383,Brian,Robles,BSENTREP,3,Female
2026-0384,Clara,David,BSEnE,4,Other
2026-0385,Monica,Tagle,BSIS,1,Male
2026-0386,Leo,Flores,BSIT,2,Female
2026-0387,Nestor,Lopez,BSME,3,Other
2026-0388,Paula,Ferrer,BSMEE,4,Male
2026-0389,Martin,Garcia,BSMetE,1,Female
2026-0390,Kevin,Kabiling,BSCE,2,Other
2026-0391,Leo,Romero,BSPhil,3,Male
2026-0392,Frances,Hilario,BSPsych,4,Female
2026-0393,Adrian,Kasim,BA Fil,1,Other
2026-0394,Ana,Tiongson,BA His,2,Male
2026-0395,Leo,Neri,BA Pan,3,Female
2026-0396,Perry,Fernandez,BA PoS,4,Other
2026-0397,Liam,Quinones,BA Psych,1,Male
2026-0398,Christian,De Vera,BA Soc,2,Female
2026-0399,Ariel,Santos,BAELS,3,Other
2026-0400,Liam,Valdez,BALCS,4,Male
2026-0401,Ryan,Co,BET-CET,1,Female
2026-0402,Valerie,De Vera,BET-ChET,2,Other
2026-0403,Nina,David,BET-EET,3,Male
2026-0404,Zoe,Kabiling,BET-EST,4,Female
2026-0405,Queenie,Jalandoni,BET-MET,1,Other
2026-0406,Adrian,Guevara,BET-MMT,2,Male
2026-0407,Aiden,Lim,BS Applied Physics,3,Female
2026-0408,Adrian,Tanada,BS Bio-Animal Biology,4,Other
2026-0409,Alyssa,Ledesma,BS Bio-Biodiversity,1,Male
2026-0410,Celeste,Flores,BS Bio-Microbiology,2,Female
2026-0411,Zion,Gatchalian,BS Bio-Plant Biology,3,Other
2026-0412,Liam,Panganiban,BS Chem,4,Male
2026-0413,Martin,Del Rosario,BS Econ,1,Female
2026-0414,Brian,Quijano,BS HM,2,Other
2026-0415,Karl,David,BS IAM,3,Male
2026-0416,Tessa,Gutierrez,BS Mar,4,Female
2026-0417,Nicole,Enriquez,BS Math,1,Other
2026-0418,Heidi,Yap,BS Physics,2,Male
2026-0419,Orlando,Madrigal,BS Stat,3,Female
2026-0420,Celeste,Luna,BSA,4,Other
2026-0421,Daniel,Salazar,BSBA-BE,1,Male
2026-0422,Janice,Valdez,BSBA-MM,2,Female
2026-0423,Luis,Hernandez,BSCE,3,Other
2026-0424,Zachary,Gatdula,BSCE,4,Male
2026-0425,Leo,Velez,BSCS,1,Female
2026-0426,Christian,Tanada,BSCerE,2,Other
2026-0427,Victor,Tanada,BSChE,3,Male
2026-0428,Naomi,Garcia,BSCpE,4,Female
2026-0429,Hannah,Kasim,BSECE,1,Other
2026-0430,Joshua,Madrigal,BSEE,2,Male
2026-0431,Neil,Del Rosario,BSEME,3,Female
2026-0432,Elias,Santos,BSENTREP,4,Other
2026-0433,Grace,Fuentes,BSEnE,1,Male
2026-0434,Lourdes,Kara,BSIS,2,Female
2026-0435,Katherine,Tiongson,BSIT,3,Other
2026-0436,Denise,Kasim,BSME,4,Male
2026-0437,Giselle,Calderon,BSMEE,1,Female
2026-0438,Nathan,Baldwin,BSMetE,2,Other
2026-0439,Ophelia,Quisumbing,BSCE,3,Male
2026-0440,Carmen,Zulueta,BSPhil,4,Female
2026-0441,Isagani,Jalandoni,BSPsych,1,Other
2026-0442,Irene,Madrigal,BA Fil,2,Male
2026-0443,Wilma,Zulueta,BA His,3,Female
2026-0444,Christian,Sison,BA Pan,4,Other
2026-0445,Nina,Aquino,BA PoS,1,Male
2026-0446,Noah,Villanueva,BA Psych,2,Female
2026-0447,Selena,Rosales,BA Soc,3,Other
2026-0448,Christian,Flores,BAELS,4,Male
2026-0449,Daniel,Belen,BALCS,1,Female
2026-0450,Vincent,Jalandoni,BET-CET,2,Other
2026-0451,Bianca,Ramos,BET-ChET,3,Male
2026-0452,George,Hilario,BET-EET,4,Female
2026-0453,Denise,Diaz,BET-EST,1,Other
2026-0454,Bella,Madrigal,BET-MET,2,Male
2026-0455,Olivia,Khan,BET-MMT,3,Female
2026-0456,Irene,Ortega,BS Applied Physics,4,Other
2026-0457,Faye,Urbano,BS Bio-Animal Biology,1,Male
2026-0458,Grace,De Leon,BS Bio-Biodiversity,2,Female
2026-0459,Ariana,Ramos,BS Bio-Microbiology,3,Other
2026-0460,Jasmine,Espinosa,BS Bio-Plant Biology,4,Male
2026-0461,Vera,Herrera,BS Chem,1,Female
2026-0462,Xavier,Razon,BS Econ,2,Other
2026-0463,Janice,Nguyen,BS HM,3,Male
2026-0464,Brian,Ocampo,BS IAM,4,Female
2026-0465,Xavier,Del Rosario,BS Mar,1,Other
2026-0466,Simon,Delos Santos,BS Math,2,Male
2026-0467,Janice,Urbano,BS Physics,3,Female
2026-0468,Rafael,Macaraeg,BS Stat,4,Other
2026-0469,Olivia,Cabrera,BSA,1,Male
2026-0470,Quinn,Sison,BSBA-BE,2,Female
2026-0471,Nathan,Gatdula,BSBA-MM,3,Other
2026-0472,Bea,Santos,BSCE,4,Male
2026-0473,Cyrus,Quisumbing,BSCE,1,Female
2026-0474,Yana,Yap,BSCS,2,Other
2026-0475,Arman,Bernardo,BSCerE,3,Male
2026-0476,Adrian,Benedicto,BSChE,4,Female
2026-0477,Nina,Guevara,BSCpE,1,Other
2026-0478,Tessa,Magtibay,BSECE,2,Male
2026-0479,Xavier,Gatdula,BSEE,3,Female
2026-0480,Tessa,Robles,BSEME,4,Other
2026-0481,Elias,David,BSENTREP,1,Male
2026-0482,Roderick,Perez,BSEnE,2,Female
2026-0483,Nicole,Quinones,BSIS,3,Other
2026-0484,Dylan,Hernandez,BSIT,4,Male
2026-0485,George,Villanueva,BSME,1,Female
2026-0486,Yvonne,Estrada,BSMEE,2,Other
2026-0487,Jared,Natividad,BSMetE,3,Male
2026-0488,Zoe,Ferrer,BSCE,4,Female
2026-0489,Sebastian,Mendoza,BSPhil,1,Other
2026-0490,Ana,Salazar,BSPsych,2,Male
2026-0491,Maria,Herrera,BA Fil,3,Female
2026-0492,Patricia,Vargas,BA His,4,Other
2026-0493,Nina,Nolasco,BA Pan,1,Male
2026-0494,Samuel,Quinto,BA PoS,2,Female
2026-0495,Alyssa,Alvarez,BA Psych,3,Other
2026-0496,Giselle,Lim,BA Soc,4,Male
2026-0497,Quinn,Ledesma,BAELS,1,Female
2026-0498,Clarisse,Magtibay,BALCS,2,Other
2026-0499,Zachary,Del Rosario,BET-CET,3,Male
2026-0500,Nicole,Ibrahim,BET-ChET,4,Female
2026-0501,Nina,Hilario,BET-EET,1,Other
2026-0502,Giselle,Ledesma,BET-EST,2,Male
2026-0503,Juan,Neri,BET-MET,3,Female
2026-0504,Finn,Kasim,BET-MMT,4,Other
2026-0505,Bea,Baldwin,BS Applied Physics,1,Male
2026-0506,Kenneth,Ibrahim,BS Bio-Animal Biology,2,Female
2026-0507,Aiden,Umali,BS Bio-Biodiversity,3,Other
2026-0508,Nina,Cayetano,BS Bio-Microbiology,4,Male
2026-0509,Queenie,Joaquin,BS Bio-Plant Biology,1,Female
2026-0510,Ariel,Samson,BS Chem,2,Other
2026-0511,Kenneth,Alvarez,BS Econ,3,Male
2026-0512,Olivia,Calderon,BS HM,4,Female
2026-0513,Enzo,Bernardo,BS IAM,1,Other
2026-0514,Ethan,Lorenzo,BS Mar,2,Male
2026-0515,Bella,Quinto,BS Math,3,Female
2026-0516,Frances,Ocampo,BS Physics,4,Other
2026-0517,Carlo,Lorenzo,BS Stat,1,Male
2026-0518,Rafael,Salazar,BSA,2,Female
2026-0519,Hannah,Nolasco,BSBA-BE,3,Other
2026-0520,Andrea,Sanchez,BSBA-MM,4,Male
2026-0521,Cedric,Lacsamana,BSCE,1,Female
2026-0522,Vera,Enriquez,BSCE,2,Other
2026-0523,Nestor,Domingo,BSCS,3,Male
2026-0524,Faye,Espinosa,BSCerE,4,Female
2026-0525,Cedric,Hernandez,BSChE,1,Other
2026-0526,Monica,Benedicto,BSCpE,2,Male
2026-0527,Angela,Javier,BSECE,3,Female
2026-0528,Mark,Hidalgo,BSEE,4,Other
2026-0529,Hector,De Leon,BSEME,1,Male
2026-0530,Bianca,Hilario,BSENTREP,2,Female
2026-0531,Tristan,Santiago,BSEnE,3,Other
2026-0532,Monica,Valencia,BSIS,4,Male
2026-0533,Luis,Dizon,BSIT,1,Female
2026-0534,Monica,Salazar,BSME,2,Other
2026-0535,Cyrus,Sanchez,BSMEE,3,Male
2026-0536,Isagani,Velasco,BSMetE,4,Female
2026-0537,Hector,Sanchez,BSCE,1,Other
2026-0538,Lourdes,Quisumbing,BSPhil,2,Male
2026-0539,Nestor,Madrigal,BSPsych,3,Female
2026-0540,Clarisse,Gonzales,BA Fil,4,Other
2026-0541,Tobias,Inocencio,BA His,1,Male
2026-0542,Zachary,Nolasco,BA Pan,2,Female
2026-0543,Cyrus,Ferrer,BA PoS,3,Other
2026-0544,Dominic,Luna,BA Psych,4,Male
2026-0545,Rafael,Velez,BA Soc,1,Female
2026-0546,Eric,Bernardo,BAELS,2,Other
2026-0547,Naomi,Manansala,BALCS,3,Male
2026-0548,Yvonne,Jalandoni,BET-CET,4,Female
2026-0549,Bea,Yabut,BET-ChET,1,Other
2026-0550,Olivia,Co,BET-EET,2,Male
2026-0551,Clarisse,Garcia,BET-EST,3,Female
2026-0552,Joshua,Quinones,BET-MET,4,Other
2026-0553,Bea,Macaraeg,BET-MMT,1,Male
2026-0554,Adrian,Valdez,BS Applied Physics,2,Female
2026-0555,Sebastian,Khan,BS Bio-Animal Biology,3,Other
2026-0556,Daniel,Neri,BS Bio-Biodiversity,4,Male
2026-0557,Liam,Calixto,BS Bio-Microbiology,1,Female
2026-0558,Jasmine,Soriano,BS Bio-Plant Biology,2,Other
2026-0559,Lourdes,De Vera,BS Chem,3,Male
2026-0560,Ian,Enriquez,BS Econ,4,Female
2026-0561,Arman,Jacinto,BS HM,1,Other
2026-0562,Heidi,Ong,BS IAM,2,Male
2026-0563,Hazel,Cruz,BS Mar,3,Female
2026-0564,Emilio,Luna,BS Math,4,Other
2026-0565,Orlando,Tiongson,BS Physics,1,Male
2026-0566,Eric,Mendoza,BS Stat,2,Female
2026-0567,Zion,Gonzales,BSA,3,Other
2026-0568,Mila,Estrella,BSBA-BE,4,Male
2026-0569,Clara,Calixto,BSBA-MM,1,Female
2026-0570,Laura,Enriquez,BSCE,2,Other
2026-0571,Queenie,Valencia,BSCE,3,Male
2026-0572,Orlando,Pascual,BSCS,4,Female
2026-0573,Irene,Aquino,BSCerE,1,Other
2026-0574,Grace,Nolasco,BSChE,2,Male
2026-0575,Monica,Diaz,BSCpE,3,Female
2026-0576,Maya,Jalandoni,BSECE,4,Other
2026-0577,Paolo,Javier,BSEE,1,Male
2026-0578,Giselle,Cruz,BSEME,2,Female
2026-0579,Isagani,Quinto,BSENTREP,3,Other
2026-0580,Patricia,Yap,BSEnE,4,Male
2026-0581,Noah,Alvarez,BSIS,1,Female
2026-0582,Grace,Lopez,BSIT,2,Other
2026-0583,Nicole,Estrella,BSME,3,Male
2026-0584,Leah,Romero,BSMEE,4,Female
2026-0585,Clarisse,Quinto,BSMetE,1,Other
2026-0586,Finn,Benedicto,BSCE,2,Male
2026-0587,Ivan,Gonzales,BSPhil,3,Female
2026-0588,Faye,Hernandez,BSPsych,4,Other
2026-0589,Enzo,Romero,BA Fil,1,Male
2026-0590,Leah,Soriano,BA His,2,Female
2026-0591,Martin,De Leon,BA Pan,3,Other
2026-0592,Simon,Salazar,BA PoS,4,Male
2026-0593,Neil,Dela Cruz,BA Psych,1,Female
2026-0594,Perry,Padilla,BA Soc,2,Other
2026-0595,Paolo,Quinones,BAELS,3,Male
2026-0596,Lara,Bernardo,BALCS,4,Female
2026-0597,Naomi,Nguyen,BET-CET,1,Other
2026-0598,Jose,Manalo,BET-ChET,2,Male
2026-0599,Isagani,Guevara,BET-EET,3,Female
2026-0600,Leah,Paredes,BET-EST,4,Other
2026-0601,Arman,Urbano,BET-MET,1,Male
2026-0602,Wendy,Robles,BET-MMT,2,Female
2026-0603,Paula,Romero,BS Applied Physics,3,Other
2026-0604,Zachary,Valencia,BS Bio-Animal Biology,4,Male
2026-0605,Karl,Calderon,BS Bio-Biodiversity,1,Female
2026-0606,Tobias,Panganiban,BS Bio-Microbiology,2,Other
2026-0607,Clara,Valdez,BS Bio-Plant Biology,3,Male
2026-0608,Valerie,Cayetano,BS Chem,4,Female
2026-0609,Leo,Diaz,BS Econ,1,Other
2026-0610,Mia,Estrada,BS HM,2,Male
2026-0611,Adrian,Serrano,BS IAM,3,Female
2026-0612,Ethan,Estrada,BS Mar,4,Other
2026-0613,Enzo,Umali,BS Math,1,Male
2026-0614,Kenneth,Robles,BS Physics,2,Female
2026-0615,Nicole,Lopez,BS Stat,3,Other
2026-0616,Neil,Santiago,BSA,4,Male
2026-0617,Quinn,Paredes,BSBA-BE,1,Female
2026-0618,Ryan,Salazar,BSBA-MM,2,Other
2026-0619,Celeste,Natividad,BSCE,3,Male
2026-0620,Ariel,Quisumbing,BSCE,4,Female
2026-0621,Nathan,Rivera,BSCS,1,Other
2026-0622,Ethan,Tiongson,BSCerE,2,Male
2026-0623,Jared,Panganiban,BSChE,3,Female
2026-0624,Isabella,Javier,BSCpE,4,Other
2026-0625,Hazel,Torres,BSECE,1,Male
2026-0626,Simon,Romero,BSEE,2,Female
2026-0627,Daphne,Magtibay,BSEME,3,Other
2026-0628,Faith,Herrera,BSENTREP,4,Male
2026-0629,Jasmine,Salvacion,BSEnE,1,Female
2026-0630,Enzo,Sanchez,BSIS,2,Other
2026-0631,Enzo,Tiongson,BSIT,3,Male
2026-0632,Clara,Ilagan,BSME,4,Female
2026-0633,Yvonne,Nolasco,BSMEE,1,Other
2026-0634,Paula,Salvacion,BSMetE,2,Male
2026-0635,Nina,Neri,BSCE,3,Female
2026-0636,Katherine,Gatchalian,BSPhil,4,Other
2026-0637,Rafael,Del Rosario,BSPsych,1,Male
2026-0638,Cedric,Rivera,BA Fil,2,Female
2026-0639,Diana,Delos Santos,BA His,3,Other
2026-0640,Zion,Bautista,BA Pan,4,Male
2026-0641,Nathan,Ferrer,BA PoS,1,Female
2026-0642,Karl,Santos,BA Psych,2,Other
2026-0643,Ariel,Hernando,BA Soc,3,Male
2026-0644,Zoe,Valdez,BAELS,4,Female
2026-0645,Nathan,Natividad,BALCS,1,Other
2026-0646,Luis,Inocencio,BET-CET,2,Male
2026-0647,Althea,Quinones,BET-ChET,3,Female
2026-0648,Samuel,Joaquin,BET-EET,4,Other
2026-0649,Hannah,Yason,BET-EST,1,Male
2026-0650,Tobias,Jalandoni,BET-MET,2,Female
2026-0651,Lara,Villanueva,BET-MMT,3,Other
2026-0652,Denise,Serrano,BS Applied Physics,4,Male
2026-0653,Selena,Joaquin,BS Bio-Animal Biology,1,Female
2026-0654,Lara,Quisumbing,BS Bio-Biodiversity,2,Other
2026-0655,Mark,Ramos,BS Bio-Microbiology,3,Male
2026-0656,Selena,Aguilar,BS Bio-Plant Biology,4,Female
2026-0657,Bianca,Domingo,BS Chem,1,Other
2026-0658,Elena,Santiago,BS Econ,2,Male
2026-0659,Bea,Samson,BS HM,3,Female
2026-0660,Faith,Espinosa,BS IAM,4,Other
2026-0661,Celeste,Manansala,BS Mar,1,Male
2026-0662,Ariana,Nolasco,BS Math,2,Female
2026-0663,Mila,De Vera,BS Physics,3,Other
2026-0664,Bianca,Enriquez,BS Stat,4,Male
2026-0665,Martin,Samson,BSA,1,Female
2026-0666,Sofia,Valdez,BSBA-BE,2,Other
2026-0667,Neil,Khan,BSBA-MM,3,Male
2026-0668,Arman,Lim,BSCE,4,Female
2026-0669,Grace,Gatdula,BSCE,1,Other
2026-0670,Katherine,Navarro,BSCS,2,Male
2026-0671,Dominic,Garcia,BSCerE,3,Female
2026-0672,Olivia,Perez,BSChE,4,Other
2026-0673,Wesley,Rivera,BSCpE,1,Male
2026-0674,Ursula,Tagle,BSECE,2,Female
2026-0675,Clara,Panganiban,BSEE,3,Other
2026-0676,Orlando,Espinosa,BSEME,4,Male
2026-0677,Sebastian,Padilla,BSENTREP,1,Female
2026-0678,Sebastian,Santiago,BSEnE,2,Other
2026-0679,Roderick,Navarro,BSIS,3,Male
2026-0680,Carmen,Perez,BSIT,4,Female
2026-0681,Enzo,Ong,BSME,1,Other
2026-0682,Emilio,Reyes,BSMEE,2,Male
2026-0683,Gavin,Gutierrez,BSMetE,3,Female
2026-0684,Ursula,Kasim,BSCE,4,Other
2026-0685,Jose,Estrella,BSPhil,1,Male
2026-0686,Faye,Tan,BSPsych,2,Female
2026-0687,Diana,Ocampo,BA Fil,3,Other
2026-0688,Ariel,Urbano,BA His,4,Male
2026-0689,Arman,Zamora,BA Pan,1,Female
2026-0690,Isagani,Quisumbing,BA PoS,2,Other
2026-0691,Orlando,Ong,BA Psych,3,Male
2026-0692,Sofia,Guevara,BA Soc,4,Female
2026-0693,Eric,Perez,BAELS,1,Other
2026-0694,Victor,Magtibay,BALCS,2,Male
2026-0695,Nestor,Ablaza,BET-CET,3,Female
2026-0696,Patricia,Dela Cruz,BET-ChET,4,Other
2026-0697,Ramon,Garcia,BET-EET,1,Male
2026-0698,Carlo,Tiongson,BET-EST,2,Female
2026-0699,Ramon,Yabut,BET-MET,3,Other
2026-0700,Emilio,Co,BET-MMT,4,Male
2026-0701,Irene,Razon,BS Applied Physics,1,Female
2026-0702,Ivan,Yap,BS Bio-Animal Biology,2,Other
2026-0703,Isabella,Reyes,BS Bio-Biodiversity,3,Male
2026-0704,Nicole,Vargas,BS Bio-Microbiology,4,Female
2026-0705,Bella,Navarro,BS Bio-Plant Biology,1,Other
2026-0706,Bea,Estrella,BS Chem,2,Male
2026-0707,Giselle,Domingo,BS Econ,3,Female
2026-0708,Mia,Co,BS HM,4,Other
2026-0709,Yvonne,Pascual,BS IAM,1,Male
2026-0710,Leo,Ocampo,BS Mar,2,Female
2026-0711,Liam,Aguilar,BS Math,3,Other
2026-0712,Hannah,Mercado,BS Physics,4,Male
2026-0713,Wendy,De Leon,BS Stat,1,Female
2026-0714,Aiden,Rosales,BSA,2,Other
2026-0715,Faith,Gatdula,BSBA-BE,3,Male
2026-0716,Hazel,Calixto,BSBA-MM,4,Female
2026-0717,Arman,Reyes,BSCE,1,Other
2026-0718,George,Urbano,BSCE,2,Male
2026-0719,Shiela,Santiago,BSCS,3,Female
2026-0720,Mia,Tiongson,BSCerE,4,Other
2026-0721,Christian,Panganiban,BSChE,1,Male
2026-0722,Katherine,Zamora,BSCpE,2,Female
2026-0723,Clarisse,Bernardo,BSECE,3,Other
2026-0724,Miguel,Kara,BSEE,4,Male
2026-0725,Gabriel,Javier,BSEME,1,Female
2026-0726,Sofia,Lopez,BSENTREP,2,Other
2026-0727,Carmen,Sanchez,BSEnE,3,Male
2026-0728,Cedric,Cruz,BSIS,4,Female
2026-0729,Perry,Yabut,BSIT,1,Other
2026-0730,Janice,Villanueva,BSME,2,Male
2026-0731,Wilma,Lim,BSMEE,3,Female
2026-0732,Martin,Hernandez,BSMetE,4,Other
2026-0733,Isagani,Inocencio,BSCE,1,Male
2026-0734,Sofia,Yason,BSPhil,2,Female
2026-0735,Elena,Herrera,BSPsych,3,Other
2026-0736,Celeste,Mercado,BA Fil,4,Male
2026-0737,Grace,Natividad,BA His,1,Female
2026-0738,Ramon,Nguyen,BA Pan,2,Other
2026-0739,Roderick,Fuentes,BA PoS,3,Male
2026-0740,Tobias,Paredes,BA Psych,4,Female
2026-0741,Sebastian,Isidro,BA Soc,1,Other
2026-0742,Enzo,Salazar,BAELS,2,Male
2026-0743,Gabriel,De Vera,BALCS,3,Female
2026-0744,Nestor,Guevara,BET-CET,4,Other
2026-0745,Liam,Jalandoni,BET-ChET,1,Male
2026-0746,Faith,Quinones,BET-EET,2,Female
2026-0747,George,Morales,BET-EST,3,Other
2026-0748,Gabriel,Hidalgo,BET-MET,4,Male
2026-0749,Zachary,Diaz,BET-MMT,1,Female
2026-0750,Nicole,Robles,BS Applied Physics,2,Other
2026-0751,Denise,Hernando,BS Bio-Animal Biology,3,Male
2026-0752,Maria,Magtibay,BS Bio-Biodiversity,4,Female
2026-0753,Enzo,Uy,BS Bio-Microbiology,1,Other
2026-0754,Adrian,Bautista,BS Bio-Plant Biology,2,Male
2026-0755,Katherine,Bautista,BS Chem,3,Female
2026-0756,Joshua,Samson,BS Econ,4,Other
2026-0757,Arman,Tan,BS HM,1,Male
2026-0758,Denise,Hidalgo,BS IAM,2,Female
2026-0759,Roderick,Kabiling,BS Mar,3,Other
2026-0760,Ethan,Quisumbing,BS Math,4,Male
2026-0761,Daniel,Bermudez,BS Physics,1,Female
2026-0762,Hector,Estrella,BS Stat,2,Other
2026-0763,Hannah,Dizon,BSA,3,Male
2026-0764,Ethan,Cruz,BSBA-BE,4,Female
2026-0765,Lina,David,BSBA-MM,1,Other
2026-0766,Gavin,Valencia,BSCE,2,Male
2026-0767,Isagani,Cabrera,BSCE,3,Female
2026-0768,Emilio,Quisumbing,BSCS,4,Other
2026-0769,Eric,Quinto,BSCerE,1,Male
2026-0770,Dylan,Rivera,BSChE,2,Female
2026-0771,Vera,Ramos,BSCpE,3,Other
2026-0772,Xavier,Navarro,BSECE,4,Male
2026-0773,Janice,David,BSEE,1,Female
2026-0774,Celeste,Co,BSEME,2,Other
2026-0775,Ivan,Joaquin,BSENTREP,3,Male
2026-0776,Roderick,Gatchalian,BSEnE,4,Female
2026-0777,Irene,Perez,BSIS,1,Other
2026-0778,Joy,Kara,BSIT,2,Male
2026-0779,Marnie,Hidalgo,BSME,3,Female
2026-0780,Christian,Madrigal,BSMEE,4,Other
2026-0781,Faith,Navarro,BSMetE,1,Male
2026-0782,Brenda,Gonzales,BSCE,2,Female
2026-0783,Isabella,Gonzales,BSPhil,3,Other
2026-0784,Brenda,Quinones,BSPsych,4,Male
2026-0785,Patricia,Quinones,BA Fil,1,Female
2026-0786,Finn,Dizon,BA His,2,Other
2026-0787,Aiden,Cayetano,BA Pan,3,Male
2026-0788,Gavin,Fuentes,BA PoS,4,Female
2026-0789,Hannah,Villanueva,BA Psych,1,Other
2026-0790,Irene,Espinosa,BA Soc,2,Male
2026-0791,Ana,Aquino,BAELS,3,Female
2026-0792,Katherine,Quiambao,BALCS,4,Other
2026-0793,Daphne,Manansala,BET-CET,1,Male
2026-0794,Celeste,Aquino,BET-ChET,2,Female
2026-0795,Hazel,Bernardo,BET-EET,3,Other
2026-0796,Ariana,Manansala,BET-EST,4,Male
2026-0797,Eric,Velez,BET-MET,1,Female
2026-0798,Mia,Ilagan,BET-MMT,2,Other
2026-0799,Althea,Manansala,BS Applied Physics,3,Male
2026-0800,Denise,Villanueva,BS Bio-Animal Biology,4,Female
2026-0801,Andrea,Santos,BS Bio-Biodiversity,1,Other
2026-0802,Vincent,Yap,BS Bio-Microbiology,2,Male
2026-0803,Elena,De Vera,BS Bio-Plant Biology,3,Female
2026-0804,Gavin,Salazar,BS Chem,4,Other
2026-0805,Wesley,Velez,BS Econ,1,Male
2026-0806,Shiela,Perez,BS HM,2,Female
2026-0807,Ella,Perez,BS IAM,3,Other
2026-0808,Victor,Manalo,BS Mar,4,Male
2026-0809,Jose,Uy,BS Math,1,Female
2026-0810,Liam,Aquino,BS Physics,2,Other
2026-0811,Daphne,David,BS Stat,3,Male
2026-0812,Nestor,Benedicto,BSA,4,Female
2026-0813,Tristan,Espinosa,BSBA-BE,1,Other
2026-0814,George,Sanchez,BSBA-MM,2,Male
2026-0815,Selena,De Leon,BSCE,3,Female
2026-0816,Quinn,Navarro,BSCE,4,Other
2026-0817,Carlo,Isidro,BSCS,1,Male
2026-0818,Mark,Cruz,BSCerE,2,Female
2026-0819,Carmen,Ramos,BSChE,3,Other
2026-0820,Jasmine,Jalandoni,BSCpE,4,Male
2026-0821,Laura,Yason,BSECE,1,Female
2026-0822,Liam,Baldwin,BSEE,2,Other
2026-0823,Orlando,Delos Santos,BSEME,3,Male
2026-0824,Ethan,Hernandez,BSENTREP,4,Female
2026-0825,Grace,Pascual,BSEnE,1,Other
2026-0826,Gabriel,Gonzales,BSIS,2,Male
2026-0827,Ramon,Guevara,BSIT,3,Female
2026-0828,Nina,Tan,BSME,4,Other
2026-0829,Simon,Gutierrez,BSMEE,1,Male
2026-0830,Irene,Inocencio,BSMetE,2,Female
2026-0831,Hector,Joaquin,BSCE,3,Other
2026-0832,Wilma,Serrano,BSPhil,4,Male
2026-0833,Liam,Samson,BSPsych,1,Female
2026-0834,Gavin,Salvacion,BA Fil,2,Other
2026-0835,Joy,Co,BA His,3,Male
2026-0836,Zoe,Isidro,BA Pan,4,Female
2026-0837,Queenie,Enriquez,BA PoS,1,Other
2026-0838,Hazel,Lim,BA Psych,2,Male
2026-0839,Nina,Quisumbing,BA Soc,3,Female
2026-0840,Olivia,Razon,BAELS,4,Other
2026-0841,Karl,Serrano,BALCS,1,Male
2026-0842,Tessa,Kabiling,BET-CET,2,Female
2026-0843,Nina,Luna,BET-ChET,3,Other
2026-0844,Vincent,Tagle,BET-EET,4,Male
2026-0845,Ella,Ocampo,BET-EST,1,Female
2026-0846,Karl,Domingo,BET-MET,2,Other
2026-0847,Marnie,Kabiling,BET-MMT,3,Male
2026-0848,Enzo,Valencia,BS Applied Physics,4,Female
2026-0849,Daphne,Nguyen,BS Bio-Animal Biology,1,Other
2026-0850,Heidi,Dela Cruz,BS Bio-Biodiversity,2,Male
2026-0851,Maria,Yap,BS Bio-Microbiology,3,Female
2026-0852,Samuel,Baldwin,BS Bio-Plant Biology,4,Other
2026-0853,Janice,Espinosa,BS Chem,1,Male
2026-0854,Maya,Rosales,BS Econ,2,Female
2026-0855,Roderick,Abad,BS HM,3,Other
2026-0856,Shiela,Ortega,BS IAM,4,Male
2026-0857,Yvonne,Razon,BS Mar,1,Female
2026-0858,Maya,Yason,BS Math,2,Other
2026-0859,Wesley,Padilla,BS Physics,3,Male
2026-0860,Gabriel,Umali,BS Stat,4,Female
2026-0861,Wesley,Benedicto,BSA,1,Other
2026-0862,Finn,Valdez,BSBA-BE,2,Male
2026-0863,Ophelia,Domingo,BSBA-MM,3,Female
2026-0864,Martin,Cruz,BSCE,4,Other
2026-0865,Hazel,Ong,BSCE,1,Male
2026-0866,Rafael,Dizon,BSCS,2,Female
2026-0867,Perry,Serrano,BSCerE,3,Other
2026-0868,Heidi,Panganiban,BSChE,4,Male
2026-0869,Simon,Manalo,BSCpE,1,Female
2026-0870,Nicole,Ramos,BSECE,2,Other
2026-0871,George,Tanada,BSEE,3,Male
2026-0872,Zion,Tagle,BSEME,4,Female
2026-0873,Denise,Padilla,BSENTREP,1,Other
2026-0874,Maya,Torres,BSEnE,2,Male
2026-0875,Kenneth,Padilla,BSIS,3,Female
2026-0876,Clarisse,Samson,BSIT,4,Other
2026-0877,Samuel,Ledesma,BSME,1,Male
2026-0878,Maya,Romero,BSMEE,2,Female
2026-0879,Patricia,Neri,BSMetE,3,Other
2026-0880,Clara,Pineda,BSCE,4,Male
2026-0881,Ulysses,Jalandoni,BSPhil,1,Female
2026-0882,Ramon,Romero,BSPsych,2,Other
2026-0883,Daphne,Lorenzo,BA Fil,3,Male
2026-0884,Althea,Benedicto,BA His,4,Female
2026-0885,Cedric,Baldwin,BA Pan,1,Other
2026-0886,Noah,Jacinto,BA PoS,2,Male
2026-0887,Orlando,De Leon,BA Psych,3,Female
2026-0888,Patrick,Natividad,BA Soc,4,Other
2026-0889,Mark,Aquino,BAELS,1,Male
2026-0890,Joy,Lorenzo,BALCS,2,Female
2026-0891,Angela,Aquino,BET-CET,3,Other
2026-0892,Ramon,Yason,BET-ChET,4,Male
2026-0893,Sebastian,Tagle,BET-EET,1,Female
2026-0894,Daniel,Flores,BET-EST,2,Other
2026-0895,Maya,Dizon,BET-MET,3,Male
2026-0896,Orlando,Pineda,BET-MMT,4,Female
2026-0897,Daniel,Santos,BS Applied Physics,1,Other
2026-0898,Faye,Tagle,BS Bio-Animal Biology,2,Male
2026-0899,George,Gonzales,BS Bio-Biodiversity,3,Female
2026-0900,Irene,Ilagan,BS Bio-Microbiology,4,Other
2026-0901,Gavin,Quijano,BS Bio-Plant Biology,1,Male
2026-0902,Tobias,Estrada,BS Chem,2,Female
2026-0903,Daphne,Belen,BS Econ,3,Other
2026-0904,Maria,Hidalgo,BS HM,4,Male
2026-0905,Elias,Wong,BS IAM,1,Female
2026-0906,Rita,Aquino,BS Mar,2,Other
2026-0907,Uriel,Roxas,BS Math,3,Male
2026-0908,Marnie,Reyes,BS Physics,4,Female
2026-0909,Ulysses,Espinosa,BS Stat,1,Other
2026-0910,Irene,Bernardo,BSA,2,Male
2026-0911,Zachary,Tagle,BSBA-BE,3,Female
2026-0912,Gavin,Manalo,BSBA-MM,4,Other
2026-0913,Ophelia,Ablaza,BSCE,1,Male
2026-0914,Ivan,Isidro,BSCE,2,Female
2026-0915,Irene,Nolasco,BSCS,3,Other
2026-0916,Luis,Manalo,BSCerE,4,Male
2026-0917,Naomi,Domingo,BSChE,1,Female
2026-0918,Cedric,De Vera,BSCpE,2,Other
2026-0919,Ryan,Quinto,BSECE,3,Male
2026-0920,Paolo,Magtibay,BSEE,4,Female
2026-0921,Laura,Bautista,BSEME,1,Other
2026-0922,Monica,Ong,BSENTREP,2,Male
2026-0923,Naomi,Panganiban,BSEnE,3,Female
2026-0924,Nestor,Flores,BSIS,4,Other
2026-0925,Valerie,Diaz,BSIT,1,Male
2026-0926,Irene,Yabut,BSME,2,Female
2026-0927,Ulysses,Quijano,BSMEE,3,Other
2026-0928,Vincent,Castillo,BSMetE,4,Male
2026-0929,Vera,Jacinto,BSCE,1,Female
2026-0930,Patricia,Ledesma,BSPhil,2,Other
2026-0931,Hector,Quisumbing,BSPsych,3,Male
2026-0932,Brenda,Bermudez,BA Fil,4,Female
2026-0933,Jasmine,Tiongson,BA His,1,Other
2026-0934,Gabriel,Sison,BA Pan,2,Male
2026-0935,Daniel,Sanchez,BA PoS,3,Female
2026-0936,Tessa,Padilla,BA Psych,4,Other
2026-0937,Miguel,Nolasco,BA Soc,1,Male
2026-0938,Celeste,Khan,BAELS,2,Female
2026-0939,Luis,Ortega,BALCS,3,Other
2026-0940,Jose,Yason,BET-CET,4,Male
2026-0941,Althea,Herrera,BET-ChET,1,Female
2026-0942,Olivia,Lim,BET-EET,2,Other
2026-0943,Ophelia,Alvarez,BET-EST,3,Male
2026-0944,Carmen,Yap,BET-MET,4,Female
2026-0945,Paolo,Lopez,BET-MMT,1,Other
2026-0946,Miguel,Quijano,BS Applied Physics,2,Male
2026-0947,Arman,Quinto,BS Bio-Animal Biology,3,Female
2026-0948,Miguel,Guevara,BS Bio-Biodiversity,4,Other
2026-0949,Xavier,Tanada,BS Bio-Microbiology,1,Male
2026-0950,Nicole,Neri,BS Bio-Plant Biology,2,Female
2026-0951,Jose,Villanueva,BS Chem,3,Other
2026-0952,Nestor,Salvacion,BS Econ,4,Male
2026-0953,Ursula,Samson,BS HM,1,Female
2026-0954,Adrian,Osorio,BS IAM,2,Other
2026-0955,Arman,Mercado,BS Mar,3,Male
2026-0956,Lara,Manalo,BS Math,4,Female
2026-0957,Hector,Enriquez,BS Physics,1,Other
2026-0958,Ella,Cabrera,BS Stat,2,Male
2026-0959,Adrian,Nguyen,BSA,3,Female
2026-0960,Clara,Del Rosario,BSBA-BE,4,Other
2026-0961,Daphne,Enriquez,BSBA-MM,1,Male
2026-0962,Katherine,David,BSCE,2,Female
2026-0963,Elena,Paredes,BSCE,3,Other
2026-0964,Zachary,Hilario,BSCS,4,Male
2026-0965,Faye,Paredes,BSCerE,1,Female
2026-0966,Victor,Mendoza,BSChE,2,Other
2026-0967,Alyssa,Enriquez,BSCpE,3,Male
2026-0968,Alyssa,Quisumbing,BSECE,4,Female
2026-0969,Ryan,Javier,BSEE,1,Other
2026-0970,Vera,Joaquin,BSEME,2,Male
2026-0971,Elias,Sison,BSENTREP,3,Female
2026-0972,Bea,Aquino,BSEnE,4,Other
2026-0973,Hannah,Calixto,BSIS,1,Male
2026-0974,Rafael,Magtibay,BSIT,2,Female
2026-0975,Martin,Lorenzo,BSME,3,Other
2026-0976,Wesley,Bautista,BSMEE,4,Male
2026-0977,Luis,Joaquin,BSMetE,1,Female
2026-0978,Wilma,Mendoza,BSCE,2,Other
2026-0979,Karl,Quinto,BSPhil,3,Male
2026-0980,Rita,Jacinto,BSPsych,4,Female
2026-0981,Maria,Kabiling,BA Fil,1,Other
2026-0982,Daniel,Delos Santos,BA His,2,Male
2026-0983,Noah,Valdez,BA Pan,3,Female
2026-0984,Shiela,Velasco,BA PoS,4,Other
2026-0985,Lina,Madrigal,BA Psych,1,Male
2026-0986,Zion,Zamora,BA Soc,2,Female
2026-0987,Daphne,Nolasco,BAELS,3,Other
2026-0988,Andrea,Joaquin,BALCS,4,Male
2026-0989,Mark,Ibrahim,BET-CET,1,Female
2026-0990,Gavin,Lopez,BET-ChET,2,Other
2026-0991,Faye,Domingo,BET-EET,3,Male
2026-0992,Martin,Bautista,BET-EST,4,Female
2026-0993,Hector,Ortega,BET-MET,1,Other
2026-0994,Paolo,Gutierrez,BET-MMT,2,Male
2026-0995,Gabriel,Garcia,BS Applied Physics,3,Female
2026-0996,Wesley,Vargas,BS Bio-Animal Biology,4,Other
2026-0997,Diana,Benedicto,BS Bio-Biodiversity,1,Male
2026-0998,Adrian,Calixto,BS Bio-Microbiology,2,Female
2026-0999,Mark,Aguilar,BS Bio-Plant Biology,3,Other
2026-1000,Zoe,Tiongson,BS Chem,4,Male
2026-1001,Hector,Manalo,BS Econ,1,Female
2026-1002,Leo,Cayetano,BS HM,2,Other
2026-1003,Arman,Javier,BS IAM,3,Male
2026-1004,Yana,Villanueva,BS Mar,4,Female
2026-1005,Janice,Velez,BS Math,1,Other
2026-1006,Brian,Sanchez,BS Physics,2,Male
2026-1007,Denise,Robles,BS Stat,3,Female
2026-1008,Diana,Fernandez,BSA,4,Other
2026-1009,Rafael,Pineda,BSBA-BE,1,Male
2026-1010,Leo,Luna,BSBA-MM,2,Female
2026-1011,Miguel,Kabiling,BSCE,3,Other
2026-1012,Bianca,Samson,BSCE,4,Male
2026-1013,Yvette,Luna,BSCS,1,Female
2026-1014,Aiden,Castillo,BSCerE,2,Other
2026-1015,Nestor,Torres,BSChE,3,Male
2026-1016,Grace,Bernardo,BSCpE,4,Female
2026-1017,Carmen,Espinosa,BSECE,1,Other
2026-1018,Emilio,David,BSEE,2,Male
2026-1019,Hannah,Gonzales,BSEME,3,Female
2026-1020,Hector,Aquino,BSENTREP,4,Other
2026-1021,Hannah,Uy,BSEnE,1,Male
2026-1022,Irene,Velez,BSIS,2,Female
2026-1023,Yvette,Fernandez,BSIT,3,Other
2026-1024,Noah,Calderon,BSME,4,Male
2026-1025,Perry,Panganiban,BSMEE,1,Female
2026-1026,Tessa,Guevara,BSMetE,2,Other
2026-1027,Faye,Guevara,BSCE,3,Male
2026-1028,Cyrus,Madrigal,BSPhil,4,Female
2026-1029,Sebastian,Quinto,BSPsych,1,Other
2026-1030,Selena,David,BA Fil,2,Male
2026-1031,Paolo,Ocampo,BA His,3,Female
2026-1032,Jared,Ramos,BA Pan,4,Other
2026-1033,Celeste,Bernardo,BA PoS,1,Male
2026-1034,Mia,Yabut,BA Psych,2,Female
2026-1035,Joshua,Tagle,BA Soc,3,Other
2026-1036,Neil,Natividad,BAELS,4,Male
2026-1037,Elias,Neri,BALCS,1,Female
2026-1038,Frances,Luna,BET-CET,2,Other
2026-1039,Zion,Abad,BET-ChET,3,Male
2026-1040,Roderick,Garcia,BET-EET,4,Female
2026-1041,Patrick,Calderon,BET-EST,1,Other
2026-1042,Christian,Padilla,BET-MET,2,Male
2026-1043,Miguel,Yap,BET-MMT,3,Female
2026-1044,Zachary,Belen,BS Applied Physics,4,Other
2026-1045,Tristan,Torres,BS Bio-Animal Biology,1,Male
2026-1046,Wendy,Ibrahim,BS Bio-Biodiversity,2,Female
2026-1047,Rafael,Sanchez,BS Bio-Microbiology,3,Other
2026-1048,Hector,Lacsamana,BS Bio-Plant Biology,4,Male
2026-1049,Laura,Benedicto,BS Chem,1,Female
2026-1050,Quinn,Aquino,BS Econ,2,Other
2026-1051,George,Joaquin,BS HM,3,Male
2026-1052,Yvonne,Madrigal,BS IAM,4,Female
2026-1053,Wesley,Calderon,BS Mar,1,Other
2026-1054,Paula,Samson,BS Math,2,Male
2026-1055,George,Cabrera,BS Physics,3,Female
2026-1056,Alyssa,Zulueta,BS Stat,4,Other
2026-1057,Alyssa,Quinones,BSA,1,Male
2026-1058,Rita,Nolasco,BSBA-BE,2,Female
2026-1059,Ariana,Rosales,BSBA-MM,3,Other
2026-1060,Janice,Luna,BSCE,4,Male
2026-1061,Rita,Quisumbing,BSCE,1,Female
2026-1062,Bella,Urbano,BSCS,2,Other
2026-1063,Mark,Madrigal,BSCerE,3,Male
2026-1064,Cedric,Ilagan,BSChE,4,Female
2026-1065,Gavin,Reyes,BSCpE,1,Other
2026-1066,Ariel,Natividad,BSECE,2,Male
2026-1067,Victor,Alvarez,BSEE,3,Female
2026-1068,Rita,Del Rosario,BSEME,4,Other
2026-1069,Maria,Hernando,BSENTREP,1,Male
2026-1070,Lourdes,Espinosa,BSEnE,2,Female
2026-1071,Clarisse,Santiago,BSIS,3,Other
2026-1072,Isagani,Mendoza,BSIT,4,Male
2026-1073,Olivia,Reyes,BSME,1,Female
2026-1074,Zachary,Osorio,BSMEE,2,Other
2026-1075,Yvonne,Navarro,BSMetE,3,Male
2026-1076,Katherine,Ocampo,BSCE,4,Female
2026-1077,Dylan,Abad,BSPhil,1,Other
2026-1078,Lourdes,Bautista,BSPsych,2,Male
2026-1079,Brenda,Guevara,BA Fil,3,Female
2026-1080,Neil,Alvarez,BA His,4,Other
2026-1081,Althea,Quisumbing,BA Pan,1,Male
2026-1082,Althea,Alvarez,BA PoS,2,Female
2026-1083,Ophelia,Gonzales,BA Psych,3,Other
2026-1084,Lina,Kasim,BA Soc,4,Male
2026-1085,Leah,Estrella,BAELS,1,Female
2026-1086,Bella,Hilario,BALCS,2,Other
2026-1087,Bella,Salazar,BET-CET,3,Male
2026-1088,Faith,Wong,BET-ChET,4,Female
2026-1089,Sofia,Romero,BET-EET,1,Other
2026-1090,Bianca,Yason,BET-EST,2,Male
2026-1091,Lara,Gonzales,BET-MET,3,Female
2026-1092,Naomi,Sison,BET-MMT,4,Other
2026-1093,Alyssa,Hidalgo,BS Applied Physics,1,Male
2026-1094,Frances,Herrera,BS Bio-Animal Biology,2,Female
2026-1095,Clarisse,De Vera,BS Bio-Biodiversity,3,Other
2026-1096,Faye,Dizon,BS Bio-Microbiology,4,Male
2026-1097,Angela,Macaraeg,BS Bio-Plant Biology,1,Female
2026-1098,Wesley,Gatdula,BS Chem,2,Other
2026-1099,Rafael,Hilario,BS Econ,3,Male
2026-1100,Ariel,Rosales,BS HM,4,Female
2026-1101,George,Vargas,BS IAM,1,Other
2026-1102,Wilma,Pineda,BS Mar,2,Male
2026-1103,Heidi,Hernando,BS Math,3,Female
2026-1104,Bea,Abad,BS Physics,4,Other
2026-1105,Paolo,Nguyen,BS Stat,1,Male
2026-1106,Joshua,Razon,BSA,2,Female
2026-1107,Zoe,Hernandez,BSBA-BE,3,Other
2026-1108,Joshua,Bermudez,BSBA-MM,4,Male
2026-1109,Faye,Osorio,BSCE,1,Female
2026-1110,Naomi,Reyes,BSCE,2,Other
2026-1111,Miguel,Santiago,BSCS,3,Male
2026-1112,Jared,Nguyen,BSCerE,4,Female
2026-1113,Yvonne,Gatchalian,BSChE,1,Other
2026-1114,Clarisse,Cruz,BSCpE,2,Male
2026-1115,Victor,Herrera,BSECE,3,Female
2026-1116,Liam,Gonzales,BSEE,4,Other
2026-1117,Hector,Ong,BSEME,1,Male
2026-1118,Gavin,Cruz,BSENTREP,2,Female
2026-1119,Noah,Ablaza,BSEnE,3,Other
2026-1120,Leah,Santiago,BSIS,4,Male
2026-1121,Aiden,Manalo,BSIT,1,Female
2026-1122,Gabriel,Kara,BSME,2,Other
2026-1123,Cyrus,Yason,BSMEE,3,Male
2026-1124,Tobias,Cayetano,BSMetE,4,Female
2026-1125,Hannah,Sanchez,BSCE,1,Other
2026-1126,Adrian,Castillo,BSPhil,2,Male
2026-1127,Eric,Villanueva,BSPsych,3,Female
2026-1128,Shiela,Salazar,BA Fil,4,Other
2026-1129,Kevin,Bermudez,BA His,1,Male
2026-1130,Ramon,Velasco,BA Pan,2,Female
2026-1131,Lourdes,Calixto,BA PoS,3,Other
2026-1132,Karl,Valdez,BA Psych,4,Male
2026-1133,Orlando,Belen,BA Soc,1,Female
2026-1134,Ella,Estrella,BAELS,2,Other
2026-1135,Clara,Rosales,BALCS,3,Male
2026-1136,Hannah,Reyes,BET-CET,4,Female
2026-1137,Faye,Castillo,BET-ChET,1,Other
2026-1138,Paolo,Panganiban,BET-EET,2,Male
2026-1139,Leah,Diaz,BET-EST,3,Female
2026-1140,Eric,Sanchez,BET-MET,4,Other
2026-1141,Carmen,Castillo,BET-MMT,1,Male
2026-1142,Yana,Hilario,BS Applied Physics,2,Female
2026-1143,Ryan,Alvarez,BS Bio-Animal Biology,3,Other
2026-1144,Nina,Khan,BS Bio-Biodiversity,4,Male
2026-1145,Sofia,Del Rosario,BS Bio-Microbiology,1,Female
2026-1146,Grace,Del Rosario,BS Bio-Plant Biology,2,Other
2026-1147,Ivan,Enriquez,BS Chem,3,Male
2026-1148,Nestor,Ilagan,BS Econ,4,Female
2026-1149,Christian,Hernando,BS HM,1,Other
2026-1150,Rita,Joaquin,BS IAM,2,Male
2026-1151,Uriel,Sison,BS Mar,3,Female
2026-1152,Ivan,Luna,BS Math,4,Other
2026-1153,Finn,Espinosa,BS Physics,1,Male
2026-1154,Ariana,Enriquez,BS Stat,2,Female
2026-1155,Faith,Cayetano,BSA,3,Other
2026-1156,Carlo,Enriquez,BSBA-BE,4,Male
2026-1157,Juan,Hernandez,BSBA-MM,1,Female
2026-1158,Sebastian,Wong,BSCE,2,Other
2026-1159,Sebastian,Sanchez,BSCE,3,Male
2026-1160,Ethan,Osorio,BSCS,4,Female
2026-1161,Cyrus,Zamora,BSCerE,1,Other
2026-1162,Vera,Osorio,BSChE,2,Male
2026-1163,Juan,Aquino,BSCpE,3,Female
2026-1164,Finn,Manalo,BSECE,4,Other
2026-1165,Yvette,Madrigal,BSEE,1,Male
2026-1166,Carlo,Salazar,BSEME,2,Female
2026-1167,Laura,Hernandez,BSENTREP,3,Other
2026-1168,Leah,Joaquin,BSEnE,4,Male
2026-1169,Martin,Madrigal,BSIS,1,Female
2026-1170,Faith,Joaquin,BSIT,2,Other
2026-1171,Aiden,Villanueva,BSME,3,Male
2026-1172,Faye,Pineda,BSMEE,4,Female
2026-1173,Zion,Ilagan,BSMetE,1,Other
2026-1174,Daphne,Cabrera,BSCE,2,Male
2026-1175,Paolo,Hernandez,BSPhil,3,Female
2026-1176,Christian,Benedicto,BSPsych,4,Other
2026-1177,Leo,Gatdula,BA Fil,1,Male
2026-1178,Vincent,Tanada,BA His,2,Female
2026-1179,Joy,Bernardo,BA Pan,3,Other
2026-1180,Gabriel,Cayetano,BA PoS,4,Male
2026-1181,Valerie,Estrada,BA Psych,1,Female
2026-1182,Paula,Panganiban,BA Soc,2,Other
2026-1183,Maria,Ramos,BAELS,3,Male
2026-1184,Nina,Calixto,BALCS,4,Female
2026-1185,Cyrus,Sison,BET-CET,1,Other
2026-1186,Denise,Tanada,BET-ChET,2,Male
2026-1187,Ursula,Aquino,BET-EET,3,Female
2026-1188,Simon,Ocampo,BET-EST,4,Other
2026-1189,Mia,Aquino,BET-MET,1,Male
2026-1190,Ella,Hernando,BET-MMT,2,Female
2026-1191,Hannah,Flores,BS Applied Physics,3,Other
2026-1192,Rafael,Velasco,BS Bio-Animal Biology,4,Male
2026-1193,Cyrus,Ramos,BS Bio-Biodiversity,1,Female
2026-1194,Althea,Jacinto,BS Bio-Microbiology,2,Other
2026-1195,Leo,Tanada,BS Bio-Plant Biology,3,Male
2026-1196,Lourdes,Fernandez,BS Chem,4,Female
2026-1197,Uriel,Domingo,BS Econ,1,Other
2026-1198,Arman,Salazar,BS HM,2,Male
2026-1199,Jose,Hernandez,BS IAM,3,Female
2026-1200,Ivan,Uy,BS Mar,4,Other
2026-1201,Ophelia,Morales,BS Math,1,Male
2026-1202,Gavin,Samson,BS Physics,2,Female
2026-1203,Tobias,Aquino,BS Stat,3,Other
2026-1204,Jasmine,Morales,BSA,4,Male
2026-1205,Luis,Aquino,BSBA-BE,1,Female
2026-1206,Angela,Alvarez,BSBA-MM,2,Other
2026-1207,Ella,Sison,BSCE,3,Male
2026-1208,Jose,Belen,BSCE,4,Female
2026-1209,Emilio,Romero,BSCS,1,Other
2026-1210,Nestor,Manansala,BSCerE,2,Male
2026-1211,Katherine,Ramos,BSChE,3,Female
2026-1212,Yvette,Guevara,BSCpE,4,Other
2026-1213,Grace,Rosales,BSECE,1,Male
2026-1214,Ryan,Salvacion,BSEE,2,Female
2026-1215,Celeste,Tiongson,BSEME,3,Other
2026-1216,Althea,Mercado,BSENTREP,4,Male
2026-1217,Ramon,Domingo,BSEnE,1,Female
2026-1218,George,Ibrahim,BSIS,2,Other
2026-1219,Nathan,Ablaza,BSIT,3,Male
2026-1220,Irene,Magtibay,BSME,4,Female
2026-1221,Denise,Mercado,BSMEE,1,Other
2026-1222,Neil,Guevara,BSMetE,2,Male
2026-1223,Victor,Ong,BSCE,3,Female
2026-1224,George,Bermudez,BSPhil,4,Other
2026-1225,Faye,Diaz,BSPsych,1,Male
2026-1226,Paula,Neri,BA Fil,2,Female
2026-1227,Zoe,Lacsamana,BA His,3,Other
2026-1228,Adrian,De Vera,BA Pan,4,Male
2026-1229,Nina,Fernandez,BA PoS,1,Female
2026-1230,Cyrus,Zulueta,BA Psych,2,Other
2026-1231,Alyssa,Isidro,BA Soc,3,Male
2026-1232,Faye,Macaraeg,BAELS,4,Female
2026-1233,Brenda,Razon,BALCS,1,Other
2026-1234,Maria,Romero,BET-CET,2,Male
2026-1235,Jose,Estrada,BET-ChET,3,Female
2026-1236,Angela,Hernandez,BET-EET,4,Other
2026-1237,Diana,De Leon,BET-EST,1,Male
2026-1238,Nina,Magtibay,BET-MET,2,Female
2026-1239,Liam,Padilla,BET-MMT,3,Other
2026-1240,Isagani,Reyes,BS Applied Physics,4,Male
2026-1241,Simon,Mercado,BS Bio-Animal Biology,1,Female
2026-1242,Neil,Salvacion,BS Bio-Biodiversity,2,Other
2026-1243,Christian,Dela Cruz,BS Bio-Microbiology,3,Male
2026-1244,Angela,Quinto,BS Bio-Plant Biology,4,Female
2026-1245,Nathan,Hidalgo,BS Chem,1,Other
2026-1246,Leo,Valdez,BS Econ,2,Male
2026-1247,Gavin,Ong,BS HM,3,Female
2026-1248,Jose,Baldwin,BS IAM,4,Other
2026-1249,Carlo,Kabiling,BS Mar,1,Male
2026-1250,Heidi,Madrigal,BS Math,2,Female
2026-1251,Angela,Cruz,BS Physics,3,Other
2026-1252,Grace,Tan,BS Stat,4,Male
2026-1253,Hector,Inocencio,BSA,1,Female
2026-1254,Wesley,Zamora,BSBA-BE,2,Other
2026-1255,Nathan,Delos Santos,BSBA-MM,3,Male
2026-1256,Tessa,Cayetano,BSCE,4,Female
2026-1257,Ariel,Tanada,BSCE,1,Other
2026-1258,Patricia,Quijano,BSCS,2,Male
2026-1259,Paolo,Velez,BSCerE,3,Female
2026-1260,Miguel,Espinosa,BSChE,4,Other
2026-1261,Karl,Mendoza,BSCpE,1,Male
2026-1262,Faye,Hilario,BSECE,2,Female
2026-1263,Ariana,Yap,BSEE,3,Other
2026-1264,Leo,Paredes,BSEME,4,Male
2026-1265,Dominic,Morales,BSENTREP,1,Female
2026-1266,Lourdes,Tanada,BSEnE,2,Other
2026-1267,Quinn,Yabut,BSIS,3,Male
2026-1268,Denise,Tan,BSIT,4,Female
2026-1269,George,Ferrer,BSME,1,Other
2026-1270,Nicole,Jacinto,BSMEE,2,Male
2026-1271,Luis,Quisumbing,BSMetE,3,Female
2026-1272,Ariel,Ong,BSCE,4,Other
2026-1273,Zoe,Madrigal,BSPhil,1,Male
2026-1274,Dominic,Ocampo,BSPsych,2,Female
2026-1275,Noah,Kabiling,BA Fil,3,Other
2026-1276,Nicole,Benedicto,BA His,4,Male
2026-1277,Isagani,Uy,BA Pan,1,Female
2026-1278,Aiden,Inocencio,BA PoS,2,Other
2026-1279,Lina,Zulueta,BA Psych,3,Male
2026-1280,Olivia,Tagle,BA Soc,4,Female
2026-1281,Ulysses,Wong,BAELS,1,Other
2026-1282,Ryan,Flores,BALCS,2,Male
2026-1283,Luis,Quijano,BET-CET,3,Female
2026-1284,Yvonne,De Vera,BET-ChET,4,Other
2026-1285,Grace,Co,BET-EET,1,Male
2026-1286,Cyrus,Delos Santos,BET-EST,2,Female
2026-1287,Carlo,Macaraeg,BET-MET,3,Other
2026-1288,Elias,Co,BET-MMT,4,Male
2026-1289,Monica,Romero,BS Applied Physics,1,Female
2026-1290,Tobias,Luna,BS Bio-Animal Biology,2,Other
2026-1291,Zachary,Mercado,BS Bio-Biodiversity,3,Male
2026-1292,Ian,Yap,BS Bio-Microbiology,4,Female
2026-1293,Jared,Aguilar,BS Bio-Plant Biology,1,Other
2026-1294,Maya,Ocampo,BS Chem,2,Male
2026-1295,Ursula,Luna,BS Econ,3,Female
2026-1296,Bea,Kasim,BS HM,4,Other
2026-1297,Giselle,Umali,BS IAM,1,Male
2026-1298,Naomi,Cayetano,BS Mar,2,Female
2026-1299,Elias,Kara,BS Math,3,Other
2026-1300,Hazel,Tiongson,BS Physics,4,Male
2026-1301,Adrian,Villanueva,BS Stat,1,Female
2026-1302,Ryan,Delos Santos,BSA,2,Other
2026-1303,Brenda,Sanchez,BSBA-BE,3,Male
2026-1304,Monica,Uy,BSBA-MM,4,Female
2026-1305,Juan,Manansala,BSCE,1,Other
2026-1306,Yvonne,Salvacion,BSCE,2,Male
2026-1307,Brenda,Ong,BSCS,3,Female
2026-1308,Ariel,Garcia,BSCerE,4,Other
2026-1309,Patrick,Osorio,BSChE,1,Male
2026-1310,Alyssa,Gatchalian,BSCpE,2,Female
2026-1311,Laura,Velez,BSECE,3,Other
2026-1312,Brian,Jalandoni,BSEE,4,Male
2026-1313,Clarisse,Hernando,BSEME,1,Female
2026-1314,Hector,Flores,BSENTREP,2,Other
2026-1315,Clarisse,Fernandez,BSEnE,3,Male
2026-1316,Dylan,Salvacion,BSIS,4,Female
2026-1317,Simon,Gatchalian,BSIT,1,Other
2026-1318,Yvonne,Abad,BSME,2,Male
2026-1319,Daniel,Sison,BSMEE,3,Female
2026-1320,Faith,Zamora,BSMetE,4,Other
2026-1321,Irene,Ramos,BSCE,1,Male
2026-1322,Diana,Bautista,BSPhil,2,Female
2026-1323,Yvette,Herrera,BSPsych,3,Other
2026-1324,Elias,Espinosa,BA Fil,4,Male
2026-1325,Yana,Vargas,BA His,1,Female
2026-1326,Luis,Yabut,BA Pan,2,Other
2026-1327,Laura,Valencia,BA PoS,3,Male
2026-1328,Daniel,Mendoza,BA Psych,4,Female
2026-1329,Nina,Razon,BA Soc,1,Other
2026-1330,Frances,Del Rosario,BAELS,2,Male
2026-1331,George,Rosales,BALCS,3,Female
2026-1332,Cyrus,Tan,BET-CET,4,Other
2026-1333,Ariana,Madrigal,BET-ChET,1,Male
2026-1334,Ryan,Magtibay,BET-EET,2,Female
2026-1335,Ariana,Lorenzo,BET-EST,3,Other
2026-1336,Laura,Padilla,BET-MET,4,Male
2026-1337,Mila,Baldwin,BET-MMT,1,Female
2026-1338,Rafael,Gatchalian,BS Applied Physics,2,Other
2026-1339,Naomi,Isidro,BS Bio-Animal Biology,3,Male
2026-1340,Mia,Gatchalian,BS Bio-Biodiversity,4,Female
2026-1341,Simon,Samson,BS Bio-Microbiology,1,Other
2026-1342,Daniel,Romero,BS Bio-Plant Biology,2,Male
2026-1343,Leo,Estrada,BS Chem,3,Female
2026-1344,Wendy,Romero,BS Econ,4,Other
2026-1345,Cyrus,Enriquez,BS HM,1,Male
2026-1346,Giselle,Nolasco,BS IAM,2,Female
2026-1347,Samuel,Velez,BS Mar,3,Other
2026-1348,Selena,Fuentes,BS Math,4,Male
2026-1349,Luis,Castillo,BS Physics,1,Female
2026-1350,Grace,Valencia,BS Stat,2,Other
2026-1351,Jared,Ferrer,BSA,3,Male
2026-1352,Finn,Lacsamana,BSBA-BE,4,Female
2026-1353,Frances,Kabiling,BSBA-MM,1,Other
2026-1354,Orlando,Inocencio,BSCE,2,Male
2026-1355,Ursula,David,BSCE,3,Female
2026-1356,Denise,Nguyen,BSCS,4,Other
2026-1357,Juan,Santiago,BSCerE,1,Male
2026-1358,Tristan,Calixto,BSChE,2,Female
2026-1359,Heidi,Joaquin,BSCpE,3,Other
2026-1360,Bianca,Quinto,BSECE,4,Male
2026-1361,Carlo,Gonzales,BSEE,1,Female
2026-1362,Rafael,Tagle,BSEME,2,Other
2026-1363,Ursula,Robles,BSENTREP,3,Male
2026-1364,Zoe,Herrera,BSEnE,4,Female
2026-1365,Giselle,Manansala,BSIS,1,Other
2026-1366,Nathan,Hernando,BSIT,2,Male
2026-1367,Mark,Gonzales,BSME,3,Female
2026-1368,Althea,Cayetano,BSMEE,4,Other
2026-1369,Brian,Valdez,BSMetE,1,Male
2026-1370,Ivan,Ramos,BSCE,2,Female
2026-1371,Elias,Lopez,BSPhil,3,Other
2026-1372,Martin,Ablaza,BSPsych,4,Male
2026-1373,Isagani,Hernando,BA Fil,1,Female
2026-1374,Rafael,Baldwin,BA His,2,Other
2026-1375,Carmen,Dizon,BA Pan,3,Male
2026-1376,Neil,Ilagan,BA PoS,4,Female
2026-1377,Liam,Tagle,BA Psych,1,Other
2026-1378,Diana,Dela Cruz,BA Soc,2,Male
2026-1379,Grace,Hidalgo,BAELS,3,Female
2026-1380,Hazel,Hernandez,BALCS,4,Other
2026-1381,Hector,Khan,BET-CET,1,Male
2026-1382,Neil,Co,BET-ChET,2,Female
2026-1383,Tristan,David,BET-EET,3,Other
2026-1384,Simon,Del Rosario,BET-EST,4,Male
2026-1385,Clara,Gutierrez,BET-MET,1,Female
2026-1386,Andrea,Paredes,BET-MMT,2,Other
2026-1387,Dominic,Nolasco,BS Applied Physics,3,Male
2026-1388,Lourdes,Hilario,BS Bio-Animal Biology,4,Female
2026-1389,Brian,Gonzales,BS Bio-Biodiversity,1,Other
2026-1390,Brenda,Neri,BS Bio-Microbiology,2,Male
2026-1391,Cyrus,Yabut,BS Bio-Plant Biology,3,Female
2026-1392,Faith,Rosales,BS Chem,4,Other
2026-1393,Isagani,Tiongson,BS Econ,1,Male
2026-1394,Martin,Santiago,BS HM,2,Female
2026-1395,Cedric,Yap,BS IAM,3,Other
2026-1396,Hector,Neri,BS Mar,4,Male
2026-1397,Janice,Hernandez,BS Math,1,Female
2026-1398,Ulysses,Pascual,BS Physics,2,Other
2026-1399,Olivia,Santiago,BS Stat,3,Male
2026-1400,Elias,Quinto,BSA,4,Female
2026-1401,Elena,Hernandez,BSBA-BE,1,Other
2026-1402,Valerie,Flores,BSBA-MM,2,Male
2026-1403,Sofia,Tagle,BSCE,3,Female
2026-1404,Ophelia,Enriquez,BSCE,4,Other
2026-1405,Ella,Aquino,BSCS,1,Male
2026-1406,Karl,Espinosa,BSCerE,2,Female
2026-1407,Wendy,Velasco,BSChE,3,Other
2026-1408,Grace,Velasco,BSCpE,4,Male
2026-1409,Sebastian,Urbano,BSECE,1,Female
2026-1410,Nestor,Bautista,BSEE,2,Other
2026-1411,Adrian,Romero,BSEME,3,Male
2026-1412,Finn,Yason,BSENTREP,4,Female
2026-1413,Karl,Dizon,BSEnE,1,Other
2026-1414,Alyssa,Co,BSIS,2,Male
2026-1415,Ariana,Del Rosario,BSIT,3,Female
2026-1416,Tobias,Khan,BSME,4,Other
2026-1417,Hector,Romero,BSMEE,1,Male
2026-1418,Kevin,Padilla,BSMetE,2,Female
2026-1419,Jose,Macaraeg,BSCE,3,Other
2026-1420,Frances,Cruz,BSPhil,4,Male
2026-1421,Sebastian,Tan,BSPsych,1,Female
2026-1422,Aiden,Estrella,BA Fil,2,Other
2026-1423,Emilio,Fuentes,BA His,3,Male
2026-1424,Rita,Flores,BA Pan,4,Female
2026-1425,Sofia,Baldwin,BA PoS,1,Other
2026-1426,Uriel,Umali,BA Psych,2,Male
2026-1427,Rita,Lim,BA Soc,3,Female
2026-1428,Yana,Panganiban,BAELS,4,Other
2026-1429,Celeste,Romero,BALCS,1,Male
2026-1430,Perry,Gutierrez,BET-CET,2,Female
2026-1431,Janice,Bautista,BET-ChET,3,Other
2026-1432,George,Jacinto,BET-EET,4,Male
2026-1433,Faith,Ortega,BET-EST,1,Female
2026-1434,Irene,Castillo,BET-MET,2,Other
2026-1435,Lourdes,Salvacion,BET-MMT,3,Male
2026-1436,Liam,Sanchez,BS Applied Physics,4,Female
2026-1437,Daniel,Madrigal,BS Bio-Animal Biology,1,Other
2026-1438,Olivia,Kabiling,BS Bio-Biodiversity,2,Male
2026-1439,Lina,Espinosa,BS Bio-Microbiology,3,Female
2026-1440,Joy,De Leon,BS Bio-Plant Biology,4,Other
2026-1441,Tobias,Sanchez,BS Chem,1,Male
2026-1442,Carmen,Calixto,BS Econ,2,Female
2026-1443,Eric,Serrano,BS HM,3,Other
2026-1444,Ryan,Guevara,BS IAM,4,Male
2026-1445,Clara,Santiago,BS Mar,1,Female
2026-1446,George,Paredes,BS Math,2,Other
2026-1447,Laura,Hernando,BS Physics,3,Male
2026-1448,Leah,Quiambao,BS Stat,4,Female
2026-1449,Alyssa,Padilla,BSA,1,Other
2026-1450,Ethan,Robles,BSBA-BE,2,Male
2026-1451,Daniel,Luna,BSBA-MM,3,Female
2026-1452,Clarisse,Neri,BSCE,4,Other
2026-1453,Christian,Romero,BSCE,1,Male
2026-1454,Daniel,David,BSCS,2,Female
2026-1455,Zachary,Bermudez,BSCerE,3,Other
2026-1456,Vincent,Ledesma,BSChE,4,Male
2026-1457,Simon,Quiambao,BSCpE,1,Female
2026-1458,Finn,Samson,BSECE,2,Other
2026-1459,Isabella,Hidalgo,BSEE,3,Male
2026-1460,Dominic,Nguyen,BSEME,4,Female
2026-1461,Ophelia,Calderon,BSENTREP,1,Other
2026-1462,Orlando,Nolasco,BSEnE,2,Male
2026-1463,Lourdes,Cayetano,BSIS,3,Female
2026-1464,Jose,Lacsamana,BSIT,4,Other
2026-1465,Elias,Aquino,BSME,1,Male
2026-1466,Wilma,Manalo,BSMEE,2,Female
2026-1467,Simon,Lacsamana,BSMetE,3,Other
2026-1468,Ramon,Calderon,BSCE,4,Male
2026-1469,Bianca,Jacinto,BSPhil,1,Female
2026-1470,Patrick,Aquino,BSPsych,2,Other
2026-1471,Martin,Domingo,BA Fil,3,Male
2026-1472,Ramon,Aguilar,BA His,4,Female
2026-1473,Ivan,Urbano,BA Pan,1,Other
2026-1474,Queenie,Tiongson,BA PoS,2,Male
2026-1475,Lourdes,Velez,BA Psych,3,Female
2026-1476,Wilma,Isidro,BA Soc,4,Other
2026-1477,Gavin,Dizon,BAELS,1,Male
2026-1478,Martin,Estrada,BALCS,2,Female
2026-1479,Enzo,Morales,BET-CET,3,Other
2026-1480,Daphne,Osorio,BET-ChET,4,Male
2026-1481,Isabella,Sanchez,BET-EET,1,Female
2026-1482,Sofia,Panganiban,BET-EST,2,Other
2026-1483,Ursula,Domingo,BET-MET,3,Male
2026-1484,Dylan,Kasim,BET-MMT,4,Female
2026-1485,Christian,Neri,BS Applied Physics,1,Other
2026-1486,Roderick,Osorio,BS Bio-Animal Biology,2,Male
2026-1487,Roderick,Tiongson,BS Bio-Biodiversity,3,Female
2026-1488,Laura,Quisumbing,BS Bio-Microbiology,4,Other
2026-1489,Lourdes,Domingo,BS Bio-Plant Biology,1,Male
2026-1490,Paolo,Dela Cruz,BS Chem,2,Female
2026-1491,Bianca,Sanchez,BS Econ,3,Other
2026-1492,Ethan,Abad,BS HM,4,Male
2026-1493,Dylan,Paredes,BS IAM,1,Female
2026-1494,Maya,Tan,BS Mar,2,Other
2026-1495,Queenie,Tanada,BS Math,3,Male
2026-1496,Uriel,Enriquez,BS Physics,4,Female
2026-1497,Cyrus,Estrella,BS Stat,1,Other
2026-1498,Samuel,Vargas,BSA,2,Male
2026-1499,Leo,Mercado,BSBA-BE,3,Female
2026-1500,Joy,Belen,BSBA-MM,4,Other
2026-1501,Enzo,Madrigal,BSCE,1,Male
2026-1502,Zachary,Wong,BSCE,2,Female
2026-1503,Bianca,Rivera,BSCS,3,Other
2026-1504,Mark,Lacsamana,BSCerE,4,Male
2026-1505,Quinn,Robles,BSChE,1,Female
2026-1506,Ella,Roxas,BSCpE,2,Other
2026-1507,Quinn,Natividad,BSECE,3,Male
2026-1508,Adrian,Navarro,BSEE,4,Female
2026-1509,Katherine,Ortega,BSEME,1,Other
2026-1510,Dominic,De Vera,BSENTREP,2,Male
2026-1511,Miguel,Salazar,BSEnE,3,Female
2026-1512,Sofia,Osorio,BSIS,4,Other
2026-1513,Zion,Hidalgo,BSIT,1,Male
2026-1514,Shiela,Khan,BSME,2,Female
2026-1515,Ariana,Vargas,BSMEE,3,Other
2026-1516,Nathan,Espinosa,BSMetE,4,Male
2026-1517,Mark,Kara,BSCE,1,Female
2026-1518,Althea,Velasco,BSPhil,2,Other
2026-1519,Queenie,Flores,BSPsych,3,Male
2026-1520,Luis,Villanueva,BA Fil,4,Female
2026-1521,Daniel,Padilla,BA His,1,Other
2026-1522,Nestor,Sison,BA Pan,2,Male
2026-1523,Lourdes,Jalandoni,BA PoS,3,Female
2026-1524,Jose,Tan,BA Psych,4,Other
2026-1525,Dylan,Neri,BA Soc,1,Male
2026-1526,Maya,Mercado,BAELS,2,Female
2026-1527,Joy,Ablaza,BALCS,3,Other
2026-1528,Tristan,Abad,BET-CET,4,Male
2026-1529,Christian,Joaquin,BET-ChET,1,Female
2026-1530,Kevin,Cabrera,BET-EET,2,Other
2026-1531,Patrick,Zulueta,BET-EST,3,Male
2026-1532,Ana,Gutierrez,BET-MET,4,Female
2026-1533,Tobias,Kasim,BET-MMT,1,Other
2026-1534,Janice,Garcia,BS Applied Physics,2,Male
2026-1535,Naomi,Villanueva,BS Bio-Animal Biology,3,Female
2026-1536,Katherine,Fernandez,BS Bio-Biodiversity,4,Other
2026-1537,Zachary,Kabiling,BS Bio-Microbiology,1,Male
2026-1538,Wesley,Bermudez,BS Bio-Plant Biology,2,Female
2026-1539,Shiela,Quiambao,BS Chem,3,Other
2026-1540,Maya,Ablaza,BS Econ,4,Male
2026-1541,Kevin,Villanueva,BS HM,1,Female
2026-1542,Mia,Belen,BS IAM,2,Other
2026-1543,Bella,Sison,BS Mar,3,Male
2026-1544,Cedric,Mendoza,BS Math,4,Female
2026-1545,Emilio,Ong,BS Physics,1,Other
2026-1546,George,Abad,BS Stat,2,Male
2026-1547,Patrick,Cruz,BSA,3,Female
2026-1548,Joy,Osorio,BSBA-BE,4,Other
2026-1549,Ramon,Aquino,BSBA-MM,1,Male
2026-1550,Gavin,Ortega,BSCE,2,Female
2026-1551,Naomi,Ibrahim,BSCE,3,Other
2026-1552,Nina,Lorenzo,BSCS,4,Male
2026-1553,Carmen,Rivera,BSCerE,1,Female
2026-1554,Cyrus,Villanueva,BSChE,2,Other
2026-1555,Zachary,Madrigal,BSCpE,3,Male
2026-1556,Yana,Bautista,BSECE,4,Female
2026-1557,Jose,Ocampo,BSEE,1,Other
2026-1558,Neil,Panganiban,BSEME,2,Male
2026-1559,Paula,Uy,BSENTREP,3,Female
2026-1560,Nestor,Ocampo,BSEnE,4,Other
2026-1561,Alyssa,Navarro,BSIS,1,Male
2026-1562,Daniel,Baldwin,BSIT,2,Female
2026-1563,Ariel,Kara,BSME,3,Other
2026-1564,Nicole,Quiambao,BSMEE,4,Male
2026-1565,Martin,Ramos,BSMetE,1,Female
2026-1566,Ariel,De Vera,BSCE,2,Other
2026-1567,Olivia,Roxas,BSPhil,3,Male
2026-1568,Liam,Enriquez,BSPsych,4,Female
2026-1569,Giselle,Zulueta,BA Fil,1,Other
2026-1570,Brian,Hernandez,BA His,2,Male
2026-1571,Ivan,Razon,BA Pan,3,Female
2026-1572,Shiela,Estrella,BA PoS,4,Other
2026-1573,Rita,De Vera,BA Psych,1,Male
2026-1574,Wendy,Kabiling,BA Soc,2,Female
2026-1575,Ian,Salazar,BAELS,3,Other
2026-1576,Elena,Baldwin,BALCS,4,Male
2026-1577,Faith,Quinto,BET-CET,1,Female
2026-1578,Noah,Panganiban,BET-ChET,2,Other
2026-1579,Vincent,Mercado,BET-EET,3,Male
2026-1580,Juan,Dela Cruz,BET-EST,4,Female
2026-1581,Faith,Lopez,BET-MET,1,Other
2026-1582,Monica,Lim,BET-MMT,2,Male
2026-1583,Nestor,Isidro,BS Applied Physics,3,Female
2026-1584,Andrea,Kabiling,BS Bio-Animal Biology,4,Other
2026-1585,Christian,Manalo,BS Bio-Biodiversity,1,Male
2026-1586,Sebastian,Kasim,BS Bio-Microbiology,2,Female
2026-1587,Xavier,Garcia,BS Bio-Plant Biology,3,Other
2026-1588,Tessa,Benedicto,BS Chem,4,Male
2026-1589,Victor,Ibrahim,BS Econ,1,Female
2026-1590,Kevin,Ibrahim,BS HM,2,Other
2026-1591,George,Quinto,BS IAM,3,Male
2026-1592,Selena,Torres,BS Mar,4,Female
2026-1593,Lourdes,Gonzales,BS Math,1,Other
2026-1594,Paula,Jalandoni,BS Physics,2,Male
2026-1595,Vera,Ibrahim,BS Stat,3,Female
2026-1596,Simon,De Vera,BSA,4,Other
2026-1597,Vincent,Magtibay,BSBA-BE,1,Male
2026-1598,Bianca,Pascual,BSBA-MM,2,Female
2026-1599,Juan,Ibrahim,BSCE,3,Other
2026-1600,Maria,Flores,BSCE,4,Male
2026-1601,Jose,Cayetano,BSCS,1,Female
2026-1602,Finn,Velasco,BSCerE,2,Other
2026-1603,Orlando,Fernandez,BSChE,3,Male
2026-1604,Simon,Magtibay,BSCpE,4,Female
2026-1605,Elena,Manansala,BSECE,1,Other
2026-1606,Shiela,Garcia,BSEE,2,Male
2026-1607,Carmen,De Leon,BSEME,3,Female
2026-1608,Liam,Yap,BSENTREP,4,Other
2026-1609,Kenneth,Jacinto,BSEnE,1,Male
2026-1610,Heidi,Osorio,BSIS,2,Female
2026-1611,Daphne,Aquino,BSIT,3,Other
2026-1612,Clarisse,Guevara,BSME,4,Male
2026-1613,Daniel,San Jose,BSMEE,1,Female
2026-1614,Shiela,Co,BSMetE,2,Other
2026-1615,Dylan,Gonzales,BSCE,3,Male
2026-1616,Ariana,Lopez,BSPhil,4,Female
2026-1617,Rafael,Samson,BSPsych,1,Other
2026-1618,Althea,Yabut,BA Fil,2,Male
2026-1619,Heidi,Valdez,BA His,3,Female
2026-1620,Bea,Ferrer,BA Pan,4,Other
2026-1621,Adrian,Mercado,BA PoS,1,Male
2026-1622,Yana,Sison,BA Psych,2,Female
2026-1623,Mia,Padilla,BA Soc,3,Other
2026-1624,Ryan,Velasco,BAELS,4,Male
2026-1625,Nicole,Javier,BALCS,1,Female
2026-1626,Hannah,Razon,BET-CET,2,Other
2026-1627,Xavier,Benedicto,BET-ChET,3,Male
2026-1628,Brenda,Calderon,BET-EET,4,Female
2026-1629,Samuel,Tagle,BET-EST,1,Other
2026-1630,Bea,Inocencio,BET-MET,2,Male
2026-1631,Faye,David,BET-MMT,3,Female
2026-1632,Kevin,Zulueta,BS Applied Physics,4,Other
2026-1633,Isagani,Valdez,BS Bio-Animal Biology,1,Male
2026-1634,Andrea,Ablaza,BS Bio-Biodiversity,2,Female
2026-1635,Brenda,Morales,BS Bio-Microbiology,3,Other
2026-1636,Daphne,Bautista,BS Bio-Plant Biology,4,Male
2026-1637,Carlo,Velasco,BS Chem,1,Female
2026-1638,Finn,Osorio,BS Econ,2,Other
2026-1639,Bea,Garcia,BS HM,3,Male
2026-1640,Juan,Reyes,BS IAM,4,Female
2026-1641,Nestor,Rivera,BS Mar,1,Other
2026-1642,Perry,Hernando,BS Math,2,Male
2026-1643,Roderick,Domingo,BS Physics,3,Female
2026-1644,Nina,Umali,BS Stat,4,Other
2026-1645,Tobias,Torres,BSA,1,Male
2026-1646,Maria,Fuentes,BSBA-BE,2,Female
2026-1647,Althea,Javier,BSBA-MM,3,Other
2026-1648,Leah,Calixto,BSCE,4,Male
2026-1649,Heidi,Co,BSCE,1,Female
2026-1650,Uriel,Javier,BSCS,2,Other
2026-1651,Nestor,Gatchalian,BSCerE,3,Male
2026-1652,Naomi,Valdez,BSChE,4,Female
2026-1653,Rita,David,BSCpE,1,Other
2026-1654,Janice,Hernando,BSECE,2,Male
2026-1655,Perry,Baldwin,BSEE,3,Female
2026-1656,Ramon,Santiago,BSEME,4,Other
2026-1657,Cyrus,Domingo,BSENTREP,1,Male
2026-1658,Faye,Cabrera,BSEnE,2,Female
2026-1659,Katherine,Dela Cruz,BSIS,3,Other
2026-1660,Martin,Padilla,BSIT,4,Male
2026-1661,Bianca,Cabrera,BSME,1,Female
2026-1662,Eric,Quisumbing,BSMEE,2,Other
2026-1663,Heidi,Khan,BSMetE,3,Male
2026-1664,Marnie,Garcia,BSCE,4,Female
2026-1665,Bella,Manansala,BSPhil,1,Other
2026-1666,Dylan,Calderon,BSPsych,2,Male
2026-1667,Samuel,Torres,BA Fil,3,Female
2026-1668,Bianca,De Leon,BA His,4,Other
2026-1669,Clara,Cruz,BA Pan,1,Male
2026-1670,Jose,Panganiban,BA PoS,2,Female
2026-1671,Finn,Tan,BA Psych,3,Other
2026-1672,Hazel,Gonzales,BA Soc,4,Male
2026-1673,Irene,Padilla,BAELS,1,Female
2026-1674,Ophelia,Zulueta,BALCS,2,Other
2026-1675,Christian,Osorio,BET-CET,3,Male
2026-1676,Laura,Bermudez,BET-ChET,4,Female
2026-1677,Jasmine,Samson,BET-EET,1,Other
2026-1678,Ophelia,Macaraeg,BET-EST,2,Male
2026-1679,Jared,Mendoza,BET-MET,3,Female
2026-1680,Patricia,Samson,BET-MMT,4,Other
2026-1681,Clara,Gonzales,BS Applied Physics,1,Male
2026-1682,Jose,Espinosa,BS Bio-Animal Biology,2,Female
2026-1683,Hazel,Paredes,BS Bio-Biodiversity,3,Other
2026-1684,Laura,Quinones,BS Bio-Microbiology,4,Male
2026-1685,Frances,David,BS Bio-Plant Biology,1,Female
2026-1686,Adrian,Macaraeg,BS Chem,2,Other
2026-1687,Ophelia,Panganiban,BS Econ,3,Male
2026-1688,Bea,Gutierrez,BS HM,4,Female
2026-1689,Cyrus,Torres,BS IAM,1,Other
2026-1690,Bea,Wong,BS Mar,2,Male
2026-1691,Andrea,Nguyen,BS Math,3,Female
2026-1692,Zion,Enriquez,BS Physics,4,Other
2026-1693,Patrick,Uy,BS Stat,1,Male
2026-1694,Neil,Manansala,BSA,2,Female
2026-1695,Cyrus,Perez,BSBA-BE,3,Other
2026-1696,Denise,Uy,BSBA-MM,4,Male
2026-1697,Patricia,Morales,BSCE,1,Female
2026-1698,Carmen,Cabrera,BSCE,2,Other
2026-1699,Jared,Estrella,BSCS,3,Male
2026-1700,Olivia,Quijano,BSCerE,4,Female
2026-1701,Juan,Enriquez,BSChE,1,Other
2026-1702,Rita,Salvacion,BSCpE,2,Male
2026-1703,Angela,Tanada,BSECE,3,Female
2026-1704,Bella,Lopez,BSEE,4,Other
2026-1705,Miguel,Reyes,BSEME,1,Male
2026-1706,Naomi,Osorio,BSENTREP,2,Female
2026-1707,Tobias,Quijano,BSEnE,3,Other
2026-1708,Simon,Yabut,BSIS,4,Male
2026-1709,Sebastian,Aquino,BSIT,1,Female
2026-1710,Victor,Navarro,BSME,2,Other
2026-1711,Laura,Salazar,BSMEE,3,Male
2026-1712,Carmen,Hilario,BSMetE,4,Female
2026-1713,Wilma,San Jose,BSCE,1,Other
2026-1714,Althea,Baldwin,BSPhil,2,Male
2026-1715,Tessa,Ilagan,BSPsych,3,Female
2026-1716,Vincent,Baldwin,BA Fil,4,Other
2026-1717,Ophelia,Gatdula,BA His,1,Male
2026-1718,Christian,Gutierrez,BA Pan,2,Female
2026-1719,Finn,Calderon,BA PoS,3,Other
2026-1720,Mark,Estrella,BA Psych,4,Male
2026-1721,Diana,Uy,BA Soc,1,Female
2026-1722,Wesley,Javier,BAELS,2,Other
2026-1723,Cyrus,Paredes,BALCS,3,Male
2026-1724,Faye,Calixto,BET-CET,4,Female
2026-1725,Patrick,Tagle,BET-ChET,1,Other
2026-1726,Yvette,Bautista,BET-EET,2,Male
2026-1727,Adrian,Gonzales,BET-EST,3,Female
2026-1728,Faith,Gatchalian,BET-MET,4,Other
2026-1729,Jose,Ramos,BET-MMT,1,Male
2026-1730,Maria,Mercado,BS Applied Physics,2,Female
2026-1731,Jared,Razon,BS Bio-Animal Biology,3,Other
2026-1732,Luis,Quinto,BS Bio-Biodiversity,4,Male
2026-1733,Wendy,Bernardo,BS Bio-Microbiology,1,Female
2026-1734,Shiela,Lim,BS Bio-Plant Biology,2,Other
2026-1735,Kevin,Yason,BS Chem,3,Male
2026-1736,Leah,Pascual,BS Econ,4,Female
2026-1737,Queenie,Villanueva,BS HM,1,Other
2026-1738,Victor,De Leon,BS IAM,2,Male
2026-1739,Hannah,Castillo,BS Mar,3,Female
2026-1740,Hannah,Garcia,BS Math,4,Other
2026-1741,Daphne,Ong,BS Physics,1,Male
2026-1742,Lina,Jalandoni,BS Stat,2,Female
2026-1743,Daniel,Torres,BSA,3,Other
2026-1744,Perry,Bautista,BSBA-BE,4,Male
2026-1745,Jared,Bermudez,BSBA-MM,1,Female
2026-1746,Carlo,Serrano,BSCE,2,Other
2026-1747,Karl,Hernando,BSCE,3,Male
2026-1748,Olivia,Velasco,BSCS,4,Female
2026-1749,Ariel,Villanueva,BSCerE,1,Other
2026-1750,Maria,Jalandoni,BSChE,2,Male
2026-1751,Clara,Bermudez,BSCpE,3,Female
2026-1752,Leo,Rosales,BSECE,4,Other
2026-1753,Isagani,Hidalgo,BSEE,1,Male
2026-1754,Carlo,Joaquin,BSEME,2,Female
2026-1755,Daniel,Cabrera,BSENTREP,3,Other
2026-1756,Diana,Quinto,BSEnE,4,Male
2026-1757,Rafael,Tan,BSIS,1,Female
2026-1758,Vera,Santiago,BSIT,2,Other
2026-1759,Neil,Neri,BSME,3,Male
2026-1760,Diana,Madrigal,BSMEE,4,Female
2026-1761,Ramon,Jacinto,BSMetE,1,Other
2026-1762,Wesley,Ilagan,BSCE,2,Male
2026-1763,Ophelia,Cayetano,BSPhil,3,Female
2026-1764,Gabriel,Dizon,BSPsych,4,Other
2026-1765,Patrick,Gatdula,BA Fil,1,Male
2026-1766,Valerie,Lopez,BA His,2,Female
2026-1767,Faith,Soriano,BA Pan,3,Other
2026-1768,Valerie,Mercado,BA PoS,4,Male
2026-1769,Ursula,Navarro,BA Psych,1,Female
2026-1770,Leo,Khan,BA Soc,2,Other
2026-1771,Laura,Romero,BAELS,3,Male
2026-1772,Uriel,Flores,BALCS,4,Female
2026-1773,Sebastian,Flores,BET-CET,1,Other
2026-1774,Zion,Fernandez,BET-ChET,2,Male
2026-1775,Bea,Lorenzo,BET-EET,3,Female
2026-1776,Noah,Flores,BET-EST,4,Other
2026-1777,Alyssa,Dela Cruz,BET-MET,1,Male
2026-1778,Wesley,Kara,BET-MMT,2,Female
2026-1779,Wendy,Zamora,BS Applied Physics,3,Other
2026-1780,Sofia,Ledesma,BS Bio-Animal Biology,4,Male
2026-1781,Joshua,Perez,BS Bio-Biodiversity,1,Female
2026-1782,Ulysses,Dela Cruz,BS Bio-Microbiology,2,Other
2026-1783,Karl,Santiago,BS Bio-Plant Biology,3,Male
2026-1784,Brian,Flores,BS Chem,4,Female
2026-1785,Enzo,Yap,BS Econ,1,Other
2026-1786,Paula,Macaraeg,BS HM,2,Male
2026-1787,Monica,Quiambao,BS IAM,3,Female
2026-1788,Neil,Gonzales,BS Mar,4,Other
2026-1789,Rita,Velez,BS Math,1,Male
2026-1790,Isabella,Rosales,BS Physics,2,Female
2026-1791,Zion,Yason,BS Stat,3,Other
2026-1792,Shiela,Navarro,BSA,4,Male
2026-1793,Noah,Navarro,BSBA-BE,1,Female
2026-1794,Ethan,Enriquez,BSBA-MM,2,Other
2026-1795,Jasmine,Belen,BSCE,3,Male
2026-1796,Isabella,Tan,BSCE,4,Female
2026-1797,Gavin,Mercado,BSCS,1,Other
2026-1798,Patricia,Torres,BSCerE,2,Male
2026-1799,Christian,Mendoza,BSChE,3,Female
2026-1800,Ana,Soriano,BSCpE,4,Other
2026-1801,Katherine,Aguilar,BSECE,1,Male
2026-1802,Gavin,Luna,BSEE,2,Female
2026-1803,Christian,Umali,BSEME,3,Other
2026-1804,Valerie,Quinto,BSENTREP,4,Male
2026-1805,Elias,Tan,BSEnE,1,Female
2026-1806,Bella,Aquino,BSIS,2,Other
2026-1807,Joshua,Aquino,BSIT,3,Male
2026-1808,Orlando,Serrano,BSME,4,Female
2026-1809,Laura,Hilario,BSMEE,1,Other
2026-1810,Heidi,Tanada,BSMetE,2,Male
2026-1811,Mia,Zamora,BSCE,3,Female
2026-1812,Martin,Serrano,BSPhil,4,Other
2026-1813,Olivia,Navarro,BSPsych,1,Male
2026-1814,Hannah,Romero,BA Fil,2,Female
2026-1815,Isabella,Inocencio,BA His,3,Other
2026-1816,Frances,Aguilar,BA Pan,4,Male
2026-1817,Vincent,Gonzales,BA PoS,1,Female
2026-1818,Leo,Javier,BA Psych,2,Other
2026-1819,Gabriel,Ong,BA Soc,3,Male
2026-1820,Althea,Kabiling,BAELS,4,Female
2026-1821,Maria,Hernandez,BALCS,1,Other
2026-1822,Jose,De Vera,BET-CET,2,Male
2026-1823,Laura,Abad,BET-ChET,3,Female
2026-1824,Naomi,Mercado,BET-EET,4,Other
2026-1825,Isabella,Romero,BET-EST,1,Male
2026-1826,Quinn,Macaraeg,BET-MET,2,Female
2026-1827,Queenie,Lim,BET-MMT,3,Other
2026-1828,Vincent,Lopez,BS Applied Physics,4,Male
2026-1829,Jasmine,Uy,BS Bio-Animal Biology,1,Female
2026-1830,Clarisse,Morales,BS Bio-Biodiversity,2,Other
2026-1831,Nestor,Rosales,BS Bio-Microbiology,3,Male
2026-1832,Elena,Tanada,BS Bio-Plant Biology,4,Female
2026-1833,Ryan,Osorio,BS Chem,1,Other
2026-1834,Ulysses,Sison,BS Econ,2,Male
2026-1835,Tristan,Valdez,BS HM,3,Female
2026-1836,Kevin,Vargas,BS IAM,4,Other
2026-1837,Xavier,Estrella,BS Mar,1,Male
2026-1838,Bianca,Tagle,BS Math,2,Female
2026-1839,Wilma,Umali,BS Physics,3,Other
2026-1840,Paula,Espinosa,BS Stat,4,Male
2026-1841,Zachary,Perez,BSA,1,Female
2026-1842,Patrick,Madrigal,BSBA-BE,2,Other
2026-1843,Ulysses,Zamora,BSBA-MM,3,Male
2026-1844,Finn,Castillo,BSCE,4,Female
2026-1845,Selena,Panganiban,BSCE,1,Other
2026-1846,Ramon,Hidalgo,BSCS,2,Male
2026-1847,Cyrus,Baldwin,BSCerE,3,Female
2026-1848,Hannah,Ferrer,BSChE,4,Other
2026-1849,Brian,Dizon,BSCpE,1,Male
2026-1850,Wendy,Sison,BSECE,2,Female
2026-1851,Bea,Valdez,BSEE,3,Other
2026-1852,Nicole,Urbano,BSEME,4,Male
2026-1853,Valerie,Pineda,BSENTREP,1,Female
2026-1854,Nestor,Hidalgo,BSEnE,2,Other
2026-1855,Althea,Romero,BSIS,3,Male
2026-1856,Eric,Roxas,BSIT,4,Female
2026-1857,Hector,Salazar,BSME,1,Other
2026-1858,Ariel,Isidro,BSMEE,2,Male
2026-1859,Tristan,Yap,BSMetE,3,Female
2026-1860,Jared,Valdez,BSCE,4,Other
2026-1861,Sofia,Calixto,BSPhil,1,Male
2026-1862,Heidi,Gutierrez,BSPsych,2,Female
2026-1863,Hazel,De Leon,BA Fil,3,Other
2026-1864,Noah,Sison,BA His,4,Male
2026-1865,Kenneth,Flores,BA Pan,1,Female
2026-1866,Dominic,Uy,BA PoS,2,Other
2026-1867,Neil,Zulueta,BA Psych,3,Male
2026-1868,Ariel,Razon,BA Soc,4,Female
2026-1869,Olivia,Quisumbing,BAELS,1,Other
2026-1870,Bianca,Jalandoni,BALCS,2,Male
2026-1871,Zoe,Velez,BET-CET,3,Female
2026-1872,Carmen,Calderon,BET-ChET,4,Other
2026-1873,Marnie,Yabut,BET-EET,1,Male
2026-1874,Nathan,Reyes,BET-EST,2,Female
2026-1875,Zoe,Dela Cruz,BET-MET,3,Other
2026-1876,Ivan,Salazar,BET-MMT,4,Male
2026-1877,Finn,Zamora,BS Applied Physics,1,Female
2026-1878,Monica,Samson,BS Bio-Animal Biology,2,Other
2026-1879,Janice,Natividad,BS Bio-Biodiversity,3,Male
2026-1880,Christian,Pascual,BS Bio-Microbiology,4,Female
2026-1881,Patricia,Padilla,BS Bio-Plant Biology,1,Other
2026-1882,Karl,Perez,BS Chem,2,Male
2026-1883,Giselle,Serrano,BS Econ,3,Female
2026-1884,Grace,Ablaza,BS HM,4,Other
2026-1885,Ulysses,Kasim,BS IAM,1,Male
2026-1886,Denise,Guevara,BS Mar,2,Female
2026-1887,Giselle,Belen,BS Math,3,Other
2026-1888,Arman,Khan,BS Physics,4,Male
2026-1889,Wilma,Sanchez,BS Stat,1,Female
2026-1890,Heidi,Aguilar,BSA,2,Other
2026-1891,Ryan,Rosales,BSBA-BE,3,Male
2026-1892,Emilio,Quijano,BSBA-MM,4,Female
2026-1893,Heidi,Nolasco,BSCE,1,Other
2026-1894,Alyssa,Kara,BSCE,2,Male
2026-1895,Carlo,Lim,BSCS,3,Female
2026-1896,Grace,Quiambao,BSCerE,4,Other
2026-1897,Ian,Padilla,BSChE,1,Male
2026-1898,Carlo,Dela Cruz,BSCpE,2,Female
2026-1899,Noah,Pineda,BSECE,3,Other
2026-1900,Dylan,Yabut,BSEE,4,Male
2026-1901,Christian,Ledesma,BSEME,1,Female
2026-1902,Christian,Nolasco,BSENTREP,2,Other
2026-1903,Wendy,Joaquin,BSEnE,3,Male
2026-1904,Irene,Quisumbing,BSIS,4,Female
2026-1905,Daphne,De Leon,BSIT,1,Other
2026-1906,Juan,Ortega,BSME,2,Male
2026-1907,Yvonne,Bautista,BSMEE,3,Female
2026-1908,Laura,Garcia,BSMetE,4,Other
2026-1909,Yvette,Bernardo,BSCE,1,Male
2026-1910,Bea,De Vera,BSPhil,2,Female
2026-1911,Yvonne,Dela Cruz,BSPsych,3,Other
2026-1912,Wesley,Delos Santos,BA Fil,4,Male
2026-1913,Gabriel,Velasco,BA His,1,Female
2026-1914,Isabella,Macaraeg,BA Pan,2,Other
2026-1915,Denise,Ong,BA PoS,3,Male
2026-1916,Nestor,Santiago,BA Psych,4,Female
2026-1917,Neil,Javier,BA Soc,1,Other
2026-1918,George,Estrada,BAELS,2,Male
2026-1919,Grace,Kasim,BALCS,3,Female
2026-1920,Dominic,Quijano,BET-CET,4,Other
2026-1921,Shiela,Castillo,BET-ChET,1,Male
2026-1922,Uriel,Quiambao,BET-EET,2,Female
2026-1923,Naomi,Ocampo,BET-EST,3,Other
2026-1924,Eric,Padilla,BET-MET,4,Male
2026-1925,Clarisse,Calderon,BET-MMT,1,Female
2026-1926,Dominic,Jacinto,BS Applied Physics,2,Other
2026-1927,Adrian,Lacsamana,BS Bio-Animal Biology,3,Male
2026-1928,Yana,Hernandez,BS Bio-Biodiversity,4,Female
2026-1929,Isagani,Espinosa,BS Bio-Microbiology,1,Other
2026-1930,George,Gatdula,BS Bio-Plant Biology,2,Male
2026-1931,Orlando,Hilario,BS Chem,3,Female
2026-1932,Ella,Flores,BS Econ,4,Other
2026-1933,Xavier,Quiambao,BS HM,1,Male
2026-1934,Mia,Kabiling,BS IAM,2,Female
2026-1935,Bella,Alvarez,BS Mar,3,Other
2026-1936,Gavin,Calderon,BS Math,4,Male
2026-1937,Noah,Quiambao,BS Physics,1,Female
2026-1938,Perry,Luna,BS Stat,2,Other
2026-1939,Vera,Domingo,BSA,3,Male
2026-1940,Ophelia,Yabut,BSBA-BE,4,Female
2026-1941,Ulysses,Panganiban,BSBA-MM,1,Other
2026-1942,Angela,Jalandoni,BSCE,2,Male
2026-1943,Nathan,Quinones,BSCE,3,Female
2026-1944,Cedric,Inocencio,BSCS,4,Other
2026-1945,Brian,Luna,BSCerE,1,Male
2026-1946,Faith,Valdez,BSChE,2,Female
2026-1947,Olivia,Tanada,BSCpE,3,Other
2026-1948,Ethan,Paredes,BSECE,4,Male
2026-1949,Grace,Sanchez,BSEE,1,Female
2026-1950,Yvette,Lopez,BSEME,2,Other
2026-1951,Nestor,Neri,BSENTREP,3,Male
2026-1952,Samuel,Yabut,BSEnE,4,Female
2026-1953,Zoe,Belen,BSIS,1,Other
2026-1954,Celeste,Tagle,BSIT,2,Male
2026-1955,Christian,Rivera,BSME,3,Female
2026-1956,Bella,Mercado,BSMEE,4,Other
2026-1957,Denise,Navarro,BSMetE,1,Male
2026-1958,Karl,Joaquin,BSCE,2,Female
2026-1959,Simon,Zamora,BSPhil,3,Other
2026-1960,Daniel,Lopez,BSPsych,4,Male
2026-1961,Elias,Mercado,BA Fil,1,Female
2026-1962,Maya,Estrella,BA His,2,Other
2026-1963,Miguel,Lim,BA Pan,3,Male
2026-1964,Liam,Javier,BA PoS,4,Female
2026-1965,Brian,Alvarez,BA Psych,1,Other
2026-1966,Aiden,Alvarez,BA Soc,2,Male
2026-1967,Nestor,Hernando,BAELS,3,Female
2026-1968,Daphne,Cruz,BALCS,4,Other
2026-1969,Sofia,Paredes,BET-CET,1,Male
2026-1970,Alyssa,Aguilar,BET-ChET,2,Female
2026-1971,Wilma,Nguyen,BET-EET,3,Other
2026-1972,Ulysses,Ramos,BET-EST,4,Male
2026-1973,Victor,Salazar,BET-MET,1,Female
2026-1974,Angela,Calixto,BET-MMT,2,Other
2026-1975,Ian,Garcia,BS Applied Physics,3,Male
2026-1976,Gavin,Calixto,BS Bio-Animal Biology,4,Female
2026-1977,Kenneth,Yabut,BS Bio-Biodiversity,1,Other
2026-1978,Karl,Belen,BS Bio-Microbiology,2,Male
2026-1979,Mila,Hernandez,BS Bio-Plant Biology,3,Female
2026-1980,Daphne,Kabiling,BS Chem,4,Other
2026-1981,Ivan,Soriano,BS Econ,1,Male
2026-1982,Dominic,Bautista,BS HM,2,Female
2026-1983,Enzo,Soriano,BS IAM,3,Other
2026-1984,Ariel,Ramos,BS Mar,4,Male
2026-1985,Jose,Valencia,BS Math,1,Female
2026-1986,Liam,Velasco,BS Physics,2,Other
2026-1987,Joshua,Ocampo,BS Stat,3,Male
2026-1988,Orlando,Ramos,BSA,4,Female
2026-1989,Clarisse,Quisumbing,BSBA-BE,1,Other
2026-1990,Angela,Nguyen,BSBA-MM,2,Male
2026-1991,Laura,Domingo,BSCE,3,Female
2026-1992,Paolo,Ong,BSCE,4,Other
2026-1993,Wesley,Hernandez,BSCS,1,Male
2026-1994,Faith,Fernandez,BSCerE,2,Female
2026-1995,Yvonne,Lopez,BSChE,3,Other
2026-1996,Grace,Osorio,BSCpE,4,Male
2026-1997,Clara,Yason,BSECE,1,Female
2026-1998,Ryan,Madrigal,BSEE,2,Other
2026-1999,Bella,Robles,BSEME,3,Male
2026-2000,Janice,Madrigal,BSENTREP,4,Female
2026-2001,Emilio,Roxas,BSEnE,1,Other
2026-2002,Ivan,Wong,BSIS,2,Male
2026-2003,Emilio,Abad,BSIT,3,Female
2026-2004,Queenie,Tagle,BSME,4,Other
2026-2005,Mia,Baldwin,BSMEE,1,Male
2026-2006,Leah,Quijano,BSMetE,2,Female
2026-2007,Paolo,Navarro,BSCE,3,Other
2026-2008,Wesley,Espinosa,BSPhil,4,Male
2026-2009,Diana,Espinosa,BSPsych,1,Female
2026-2010,Irene,Urbano,BA Fil,2,Other
2026-2011,Daphne,Salvacion,BA His,3,Male
2026-2012,Faye,Lopez,BA Pan,4,Female
2026-2013,Olivia,Joaquin,BA PoS,1,Other
2026-2014,Clara,Baldwin,BA Psych,2,Male
2026-2015,Ariel,Aquino,BA Soc,3,Female
2026-2016,Nina,Roxas,BAELS,4,Other
2026-2017,Hazel,Villanueva,BALCS,1,Male
2026-2018,Enzo,Velasco,BET-CET,2,Female
2026-2019,Jasmine,Bautista,BET-ChET,3,Other
2026-2020,Elena,Salazar,BET-EET,4,Male
2026-2021,Christian,Villanueva,BET-EST,1,Female
2026-2022,Jared,Velez,BET-MET,2,Other
2026-2023,Quinn,Ilagan,BET-MMT,3,Male
2026-2024,Ian,Ong,BS Applied Physics,4,Female
2026-2025,Rafael,Fuentes,BS Bio-Animal Biology,1,Other
2026-2026,Wesley,Lim,BS Bio-Biodiversity,2,Male
2026-2027,Ana,Ibrahim,BS Bio-Microbiology,3,Female
2026-2028,Neil,Lorenzo,BS Bio-Plant Biology,4,Other
2026-2029,Maria,Salazar,BS Chem,1,Male
2026-2030,Ryan,Yabut,BS Econ,2,Female
2026-2031,Isagani,Zamora,BS HM,3,Other
2026-2032,Uriel,Gatdula,BS IAM,4,Male
2026-2033,Tristan,Tan,BS Mar,1,Female
2026-2034,Mila,Fuentes,BS Math,2,Other
2026-2035,Gavin,Osorio,BS Physics,3,Male
2026-2036,Perry,Roxas,BS Stat,4,Female
2026-2037,Lara,Fernandez,BSA,1,Other
2026-2038,Wendy,Castillo,BSBA-BE,2,Male
2026-2039,Celeste,Perez,BSBA-MM,3,Female
2026-2040,Christian,Urbano,BSCE,4,Other
2026-2041,Luis,Espinosa,BSCE,1,Male
2026-2042,Bea,Magtibay,BSCS,2,Female
2026-2043,Yana,Lorenzo,BSCerE,3,Other
2026-2044,Olivia,Natividad,BSChE,4,Male
2026-2045,Eric,Valencia,BSCpE,1,Female
2026-2046,Maya,Kabiling,BSECE,2,Other
2026-2047,Monica,Gatchalian,BSEE,3,Male
2026-2048,Ulysses,Tanada,BSEME,4,Female
2026-2049,Jose,Herrera,BSENTREP,1,Other
2026-2050,Carmen,Zamora,BSEnE,2,Male
2026-2051,Miguel,Gutierrez,BSIS,3,Female
2026-2052,Cedric,Wong,BSIT,4,Other
2026-2053,Jasmine,Padilla,BSME,1,Male
2026-2054,Finn,Gonzales,BSMEE,2,Female
2026-2055,Daphne,Vargas,BSMetE,3,Other
2026-2056,Karl,Paredes,BSCE,4,Male
2026-2057,Jose,Magtibay,BSPhil,1,Female
2026-2058,Emilio,Wong,BSPsych,2,Other
2026-2059,Olivia,Serrano,BA Fil,3,Male
2026-2060,Juan,David,BA His,4,Female
2026-2061,Bella,Abad,BA Pan,1,Other
2026-2062,Yvette,Pascual,BA PoS,2,Male
2026-2063,Uriel,Mendoza,BA Psych,3,Female
2026-2064,Emilio,Cayetano,BA Soc,4,Other
2026-2065,Olivia,Magtibay,BAELS,1,Male
2026-2066,Lara,Yason,BALCS,2,Female
2026-2067,Ophelia,Hernandez,BET-CET,3,Other
2026-2068,Ana,Villanueva,BET-ChET,4,Male
2026-2069,Queenie,Quiambao,BET-EET,1,Female
2026-2070,Yvette,David,BET-EST,2,Other
2026-2071,Ian,Calderon,BET-MET,3,Male
2026-2072,Noah,Mendoza,BET-MMT,4,Female
2026-2073,Cyrus,Estrada,BS Applied Physics,1,Other
2026-2074,Faye,Gatchalian,BS Bio-Animal Biology,2,Male
2026-2075,Brian,Aguilar,BS Bio-Biodiversity,3,Female
2026-2076,Juan,Gonzales,BS Bio-Microbiology,4,Other
2026-2077,Dylan,San Jose,BS Bio-Plant Biology,1,Male
2026-2078,Alyssa,Gonzales,BS Chem,2,Female
2026-2079,Daniel,Zamora,BS Econ,3,Other
2026-2080,Monica,Wong,BS HM,4,Male
2026-2081,Nestor,Soriano,BS IAM,1,Female
2026-2082,Shiela,Fuentes,BS Mar,2,Other
2026-2083,Ella,Uy,BS Math,3,Male
2026-2084,Paolo,Umali,BS Physics,4,Female
2026-2085,Dominic,Lim,BS Stat,1,Other
2026-2086,Denise,Zulueta,BSA,2,Male
2026-2087,Tristan,Guevara,BSBA-BE,3,Female
2026-2088,Brian,Zamora,BSBA-MM,4,Other
2026-2089,Faye,Bermudez,BSCE,1,Male
2026-2090,Ivan,Pineda,BSCE,2,Female
2026-2091,Isagani,Vargas,BSCS,3,Other
2026-2092,Wesley,Salazar,BSCerE,4,Male
2026-2093,Gavin,Tagle,BSChE,1,Female
2026-2094,Quinn,De Vera,BSCpE,2,Other
2026-2095,Heidi,Roxas,BSECE,3,Male
2026-2096,Isagani,Lorenzo,BSEE,4,Female
2026-2097,Quinn,Pascual,BSEME,1,Other
2026-2098,Finn,Joaquin,BSENTREP,2,Male
2026-2099,Celeste,Gatchalian,BSEnE,3,Female
2026-2100,Maria,Bautista,BSIS,4,Other
2026-2101,Giselle,Salvacion,BSIT,1,Male
2026-2102,Irene,Quinto,BSME,2,Female
2026-2103,Nina,Ocampo,BSMEE,3,Other
2026-2104,Wesley,Enriquez,BSMetE,4,Male
2026-2105,Yvette,Robles,BSCE,1,Female
2026-2106,Rita,Sanchez,BSPhil,2,Other
2026-2107,Noah,Guevara,BSPsych,3,Male
2026-2108,Leah,Lacsamana,BA Fil,4,Female
2026-2109,Carlo,Zamora,BA His,1,Other
2026-2110,Bea,Cabrera,BA Pan,2,Male
2026-2111,Joy,Sison,BA PoS,3,Female
2026-2112,Roderick,Del Rosario,BA Psych,4,Other
2026-2113,Samuel,Tanada,BA Soc,1,Male
2026-2114,Bella,Cruz,BAELS,2,Female
2026-2115,Orlando,Salvacion,BALCS,3,Other
2026-2116,Andrea,Castillo,BET-CET,4,Male
2026-2117,Brian,Mercado,BET-ChET,1,Female
2026-2118,Ivan,Padilla,BET-EET,2,Other
2026-2119,Nicole,Fuentes,BET-EST,3,Male
2026-2120,Perry,Flores,BET-MET,4,Female
2026-2121,Martin,Ortega,BET-MMT,1,Other
2026-2122,Eric,Kara,BS Applied Physics,2,Male
2026-2123,Denise,Magtibay,BS Bio-Animal Biology,3,Female
2026-2124,Nestor,Kasim,BS Bio-Biodiversity,4,Other
2026-2125,Patrick,Delos Santos,BS Bio-Microbiology,1,Male
2026-2126,Perry,David,BS Bio-Plant Biology,2,Female
2026-2127,Ana,Panganiban,BS Chem,3,Other
2026-2128,Samuel,Del Rosario,BS Econ,4,Male
2026-2129,Lara,Sison,BS HM,1,Female
2026-2130,Giselle,Valencia,BS IAM,2,Other
2026-2131,Daniel,Quinto,BS Mar,3,Male
2026-2132,Karl,Romero,BS Math,4,Female
2026-2133,Lina,Manansala,BS Physics,1,Other
2026-2134,Bianca,Lopez,BS Stat,2,Male
2026-2135,Ethan,Romero,BSA,3,Female
2026-2136,Mark,Estrada,BSBA-BE,4,Other
2026-2137,Dylan,Zulueta,BSBA-MM,1,Male
2026-2138,Kenneth,Delos Santos,BSCE,2,Female
2026-2139,Bella,Belen,BSCE,3,Other
2026-2140,Rafael,Bernardo,BSCS,4,Male
2026-2141,Angela,Velez,BSCerE,1,Female
2026-2142,Yvonne,San Jose,BSChE,2,Other
2026-2143,Ursula,Khan,BSCpE,3,Male
2026-2144,Cyrus,Serrano,BSECE,4,Female
2026-2145,Selena,Alvarez,BSEE,1,Other
2026-2146,Bella,Lacsamana,BSEME,2,Male
2026-2147,Patricia,Urbano,BSENTREP,3,Female
2026-2148,Gavin,Quinones,BSEnE,4,Other
2026-2149,Kevin,Nguyen,BSIS,1,Male
2026-2150,Bianca,Osorio,BSIT,2,Female
2026-2151,Christian,Jalandoni,BSME,3,Other
2026-2152,Adrian,Fuentes,BSMEE,4,Male
2026-2153,Cyrus,Bernardo,BSMetE,1,Female
2026-2154,Yvette,Delos Santos,BSCE,2,Other
2026-2155,Rafael,Espinosa,BSPhil,3,Male
2026-2156,Valerie,Ramos,BSPsych,4,Female
2026-2157,Ariel,Gutierrez,BA Fil,1,Other
2026-2158,Hannah,Osorio,BA His,2,Male
2026-2159,Simon,Ong,BA Pan,3,Female
2026-2160,Isabella,Lopez,BA PoS,4,Other
2026-2161,Nina,Valencia,BA Psych,1,Male
2026-2162,Yvette,Yabut,BA Soc,2,Female
2026-2163,Frances,Uy,BAELS,3,Other
2026-2164,Gavin,Lorenzo,BALCS,4,Male
2026-2165,Zion,Macaraeg,BET-CET,1,Female
2026-2166,Samuel,Yap,BET-ChET,2,Other
2026-2167,Rita,Soriano,BET-EET,3,Male
2026-2168,Ethan,David,BET-EST,4,Female
2026-2169,Frances,Gatdula,BET-MET,1,Other
2026-2170,Faye,Kasim,BET-MMT,2,Male
2026-2171,Alyssa,Ong,BS Applied Physics,3,Female
2026-2172,Elias,Romero,BS Bio-Animal Biology,4,Other
2026-2173,Ophelia,Gatchalian,BS Bio-Biodiversity,1,Male
2026-2174,Gavin,Yap,BS Bio-Microbiology,2,Female
2026-2175,Ariana,Quisumbing,BS Bio-Plant Biology,3,Other
2026-2176,Yvonne,Sison,BS Chem,4,Male
2026-2177,Janice,Delos Santos,BS Econ,1,Female
2026-2178,Celeste,Torres,BS HM,2,Other
2026-2179,Uriel,Samson,BS IAM,3,Male
2026-2180,Janice,Torres,BS Mar,4,Female
2026-2181,Andrea,Umali,BS Math,1,Other
2026-2182,Sofia,Pascual,BS Physics,2,Male
2026-2183,Grace,Urbano,BS Stat,3,Female
2026-2184,Carlo,Sison,BSA,4,Other
2026-2185,Sofia,Bautista,BSBA-BE,1,Male
2026-2186,Maya,Bautista,BSBA-MM,2,Female
2026-2187,Gabriel,Perez,BSCE,3,Other
2026-2188,Mila,Tanada,BSCE,4,Male
2026-2189,Wesley,David,BSCS,1,Female
2026-2190,Shiela,Valdez,BSCerE,2,Other
2026-2191,Faith,Nguyen,BSChE,3,Male
2026-2192,Roderick,Roxas,BSCpE,4,Female
2026-2193,Patricia,Wong,BSECE,1,Other
2026-2194,Maria,Bermudez,BSEE,2,Male
2026-2195,Nathan,Yason,BSEME,3,Female
2026-2196,Samuel,Inocencio,BSENTREP,4,Other
2026-2197,Ophelia,David,BSEnE,1,Male
2026-2198,Tessa,Quiambao,BSIS,2,Female
2026-2199,Ella,Kabiling,BSIT,3,Other
2026-2200,Denise,Garcia,BSME,4,Male
2026-2201,Liam,Garcia,BSMEE,1,Female
2026-2202,Naomi,Kasim,BSMetE,2,Other
2026-2203,George,De Leon,BSCE,3,Male
2026-2204,Karl,Samson,BSPhil,4,Female
2026-2205,Quinn,Cruz,BSPsych,1,Other
2026-2206,Kevin,Quisumbing,BA Fil,2,Male
2026-2207,Clara,Uy,BA His,3,Female
2026-2208,Marnie,Velasco,BA Pan,4,Other
2026-2209,Patrick,Baldwin,BA PoS,1,Male
2026-2210,Noah,Bernardo,BA Psych,2,Female
2026-2211,Nathan,Khan,BA Soc,3,Other
2026-2212,Wilma,Castillo,BAELS,4,Male
2026-2213,Jose,Castillo,BALCS,1,Female
2026-2214,Heidi,Javier,BET-CET,2,Other
2026-2215,Yvonne,Ramos,BET-ChET,3,Male
2026-2216,Hannah,Santiago,BET-EET,4,Female
2026-2217,Brenda,Salvacion,BET-EST,1,Other
2026-2218,Carmen,Benedicto,BET-MET,2,Male
2026-2219,Diana,Domingo,BET-MMT,3,Female
2026-2220,Queenie,Ong,BS Applied Physics,4,Other
2026-2221,Neil,Ong,BS Bio-Animal Biology,1,Male
2026-2222,Perry,Paredes,BS Bio-Biodiversity,2,Female
2026-2223,Christian,Herrera,BS Bio-Microbiology,3,Other
2026-2224,Arman,Santiago,BS Bio-Plant Biology,4,Male
2026-2225,Ana,David,BS Chem,1,Female
2026-2226,Nicole,Salazar,BS Econ,2,Other
2026-2227,Lourdes,Lacsamana,BS HM,3,Male
2026-2228,Jasmine,Navarro,BS IAM,4,Female
2026-2229,Queenie,Quijano,BS Mar,1,Other
2026-2230,Frances,Tan,BS Math,2,Male
2026-2231,Naomi,Wong,BS Physics,3,Female
2026-2232,Lara,Uy,BS Stat,4,Other
2026-2233,Cyrus,Uy,BSA,1,Male
2026-2234,Uriel,Pineda,BSBA-BE,2,Female
2026-2235,Ophelia,Joaquin,BSBA-MM,3,Other
2026-2236,Kevin,Soriano,BSCE,4,Male
2026-2237,Rafael,Morales,BSCE,1,Female
2026-2238,Tobias,Kara,BSCS,2,Other
2026-2239,Laura,Herrera,BSCerE,3,Male
2026-2240,Faith,Garcia,BSChE,4,Female
2026-2241,Paolo,Del Rosario,BSCpE,1,Other
2026-2242,Tobias,Aguilar,BSECE,2,Male
2026-2243,Shiela,Reyes,BSEE,3,Female
2026-2244,Valerie,Uy,BSEME,4,Other
2026-2245,Irene,Belen,BSENTREP,1,Male
2026-2246,Wendy,Quinones,BSEnE,2,Female
2026-2247,Sebastian,Cruz,BSIS,3,Other
2026-2248,Luis,Tiongson,BSIT,4,Male
2026-2249,Ariana,Razon,BSME,1,Female
2026-2250,Joy,San Jose,BSMEE,2,Other
2026-2251,Karl,Robles,BSMetE,3,Male
2026-2252,Leo,Bernardo,BSCE,4,Female
2026-2253,Bella,Rivera,BSPhil,1,Other
2026-2254,Paula,Kabiling,BSPsych,2,Male
2026-2255,Brian,Abad,BA Fil,3,Female
2026-2256,Mark,David,BA His,4,Other
2026-2257,Arman,Gatchalian,BA Pan,1,Male
2026-2258,Ursula,Nguyen,BA PoS,2,Female
2026-2259,Ariana,Morales,BA Psych,3,Other
2026-2260,Denise,Herrera,BA Soc,4,Male
2026-2261,Denise,Lacsamana,BAELS,1,Female
2026-2262,Maya,Co,BALCS,2,Other
2026-2263,Denise,Pascual,BET-CET,3,Male
2026-2264,Joshua,Rosales,BET-ChET,4,Female
2026-2265,Ian,Domingo,BET-EET,1,Other
2026-2266,Shiela,Espinosa,BET-EST,2,Male
2026-2267,Ariana,Ocampo,BET-MET,3,Female
2026-2268,Katherine,Flores,BET-MMT,4,Other
2026-2269,Hazel,Samson,BS Applied Physics,1,Male
2026-2270,Uriel,Kasim,BS Bio-Animal Biology,2,Female
2026-2271,Orlando,Hernando,BS Bio-Biodiversity,3,Other
2026-2272,Isagani,Madrigal,BS Bio-Microbiology,4,Male
2026-2273,Angela,Tiongson,BS Bio-Plant Biology,1,Female
2026-2274,Heidi,Abad,BS Chem,2,Other
2026-2275,Nina,Ong,BS Econ,3,Male
2026-2276,Valerie,Rivera,BS HM,4,Female
2026-2277,Ophelia,Quiambao,BS IAM,1,Other
2026-2278,Grace,Bermudez,BS Mar,2,Male
2026-2279,Nina,Soriano,BS Math,3,Female
2026-2280,Ulysses,Alvarez,BS Physics,4,Other
2026-2281,Diana,David,BS Stat,1,Male
2026-2282,Tobias,Belen,BSA,2,Female
2026-2283,Maya,Zamora,BSBA-BE,3,Other
2026-2284,Simon,Estrada,BSBA-MM,4,Male
2026-2285,Noah,Zamora,BSCE,1,Female
2026-2286,Yvette,Belen,BSCE,2,Other
2026-2287,Ursula,Cabrera,BSCS,3,Male
2026-2288,Tobias,Tagle,BSCerE,4,Female
2026-2289,Simon,Serrano,BSChE,1,Other
2026-2290,Kenneth,Joaquin,BSCpE,2,Male
2026-2291,Paula,Santiago,BSECE,3,Female
2026-2292,Marnie,Cabrera,BSEE,4,Other
2026-2293,Emilio,Mercado,BSEME,1,Male
2026-2294,Ursula,Neri,BSENTREP,2,Female
2026-2295,Maya,Del Rosario,BSEnE,3,Other
2026-2296,Miguel,Yason,BSIS,4,Male
2026-2297,Cyrus,De Leon,BSIT,1,Female
2026-2298,Bella,Herrera,BSME,2,Other
2026-2299,Jasmine,Aquino,BSMEE,3,Male
2026-2300,Vincent,Cayetano,BSMetE,4,Female
2026-2301,Noah,Baldwin,BSCE,1,Other
2026-2302,Maya,Nguyen,BSPhil,2,Male
2026-2303,Mila,Wong,BSPsych,3,Female
2026-2304,Mila,Pascual,BA Fil,4,Other
2026-2305,Clarisse,De Leon,BA His,1,Male
2026-2306,Sofia,Perez,BA Pan,2,Female
2026-2307,Mark,Calderon,BA PoS,3,Other
2026-2308,Samuel,Ibrahim,BA Psych,4,Male
2026-2309,Clarisse,Co,BA Soc,1,Female
2026-2310,Joy,Herrera,BAELS,2,Other
2026-2311,Xavier,Baldwin,BALCS,3,Male
2026-2312,Shiela,Joaquin,BET-CET,4,Female
2026-2313,Nicole,Hilario,BET-ChET,1,Other
2026-2314,Janice,Uy,BET-EET,2,Male
2026-2315,Mila,Rosales,BET-EST,3,Female
2026-2316,Jared,Tagle,BET-MET,4,Other
2026-2317,Elena,Diaz,BET-MMT,1,Male
2026-2318,Emilio,Yap,BS Applied Physics,2,Female
2026-2319,Ramon,Diaz,BS Bio-Animal Biology,3,Other
2026-2320,Shiela,Cabrera,BS Bio-Biodiversity,4,Male
2026-2321,Enzo,Luna,BS Bio-Microbiology,1,Female
2026-2322,Valerie,Hilario,BS Bio-Plant Biology,2,Other
2026-2323,Frances,Natividad,BS Chem,3,Male
2026-2324,Giselle,Fernandez,BS Econ,4,Female
2026-2325,Olivia,Mercado,BS HM,1,Other
2026-2326,Wendy,Gatdula,BS IAM,2,Male
2026-2327,Neil,Torres,BS Mar,3,Female
2026-2328,Vera,Manalo,BS Math,4,Other
2026-2329,Althea,Delos Santos,BS Physics,1,Male
2026-2330,Juan,Perez,BS Stat,2,Female
2026-2331,Alyssa,Tan,BSA,3,Other
2026-2332,Isabella,Ilagan,BSBA-BE,4,Male
2026-2333,Zachary,Samson,BSBA-MM,1,Female
2026-2334,Ryan,Calixto,BSCE,2,Other
2026-2335,Tristan,Estrella,BSCE,3,Male
2026-2336,Eric,Salazar,BSCS,4,Female
2026-2337,Jared,Dizon,BSCerE,1,Other
2026-2338,Isabella,Natividad,BSChE,2,Male
2026-2339,Zoe,Luna,BSCpE,3,Female
2026-2340,Clarisse,Pascual,BSECE,4,Other
2026-2341,Dominic,Sanchez,BSEE,1,Male
2026-2342,Eric,Dizon,BSEME,2,Female
2026-2343,Adrian,Velez,BSENTREP,3,Other
2026-2344,Lara,Guevara,BSEnE,4,Male
2026-2345,Adrian,Sison,BSIS,1,Female
2026-2346,Jose,David,BSIT,2,Other
2026-2347,Maria,De Leon,BSME,3,Male
2026-2348,Sofia,Wong,BSMEE,4,Female
2026-2349,Jared,Quisumbing,BSMetE,1,Other
2026-2350,Denise,Gutierrez,BSCE,2,Male
2026-2351,Ulysses,Manalo,BSPhil,3,Female
2026-2352,Jose,Ibrahim,BSPsych,4,Other
2026-2353,Kenneth,Mercado,BA Fil,1,Male
2026-2354,Zachary,Espinosa,BA His,2,Female
2026-2355,Yvonne,Wong,BA Pan,3,Other
2026-2356,Wendy,Calderon,BA PoS,4,Male
2026-2357,Mark,Isidro,BA Psych,1,Female
2026-2358,Ryan,Tan,BA Soc,2,Other
2026-2359,Enzo,Ramos,BAELS,3,Male
2026-2360,Irene,Delos Santos,BALCS,4,Female
2026-2361,Ella,Pascual,BET-CET,1,Other
2026-2362,Ana,Quinto,BET-ChET,2,Male
2026-2363,Frances,Quijano,BET-EET,3,Female
2026-2364,Leo,Garcia,BET-EST,4,Other
2026-2365,Bianca,Padilla,BET-MET,1,Male
2026-2366,Katherine,Kara,BET-MMT,2,Female
2026-2367,Elena,Garcia,BS Applied Physics,3,Other
2026-2368,Olivia,Lorenzo,BS Bio-Animal Biology,4,Male
2026-2369,Roderick,Ledesma,BS Bio-Biodiversity,1,Female
2026-2370,Ariel,Wong,BS Bio-Microbiology,2,Other
2026-2371,Tristan,Fuentes,BS Bio-Plant Biology,3,Male
2026-2372,Giselle,Morales,BS Chem,4,Female
2026-2373,Simon,Neri,BS Econ,1,Other
2026-2374,Lourdes,Jacinto,BS HM,2,Male
2026-2375,Patricia,Pineda,BS IAM,3,Female
2026-2376,Joshua,Zamora,BS Mar,4,Other
2026-2377,Leah,Neri,BS Math,1,Male
2026-2378,Katherine,Padilla,BS Physics,2,Female
2026-2379,George,Soriano,BS Stat,3,Other
2026-2380,Ivan,Domingo,BSA,4,Male
2026-2381,Kenneth,Estrada,BSBA-BE,1,Female
2026-2382,Brenda,Manalo,BSBA-MM,2,Other
2026-2383,Ivan,Calixto,BSCE,3,Male
2026-2384,Liam,Sison,BSCE,4,Female
2026-2385,Yvonne,Perez,BSCS,1,Other
2026-2386,Brian,Osorio,BSCerE,2,Male
2026-2387,Emilio,Tanada,BSChE,3,Female
2026-2388,Wesley,Yabut,BSCpE,4,Other
2026-2389,Liam,Lacsamana,BSECE,1,Male
2026-2390,Paolo,Lim,BSEE,2,Female
2026-2391,Ryan,Ong,BSEME,3,Other
2026-2392,Heidi,Ortega,BSENTREP,4,Male
2026-2393,Daphne,Robles,BSEnE,1,Female
2026-2394,Althea,Cruz,BSIS,2,Other
2026-2395,Ana,Luna,BSIT,3,Male
2026-2396,Hannah,Tanada,BSME,4,Female
2026-2397,Brenda,Zulueta,BSMEE,1,Other
2026-2398,Ulysses,Cayetano,BSMetE,2,Male
2026-2399,Ella,Quisumbing,BSCE,3,Female
2026-2400,Samuel,Bermudez,BSPhil,4,Other
2026-2401,Simon,Osorio,BSPsych,1,Male
2026-2402,Queenie,Cruz,BA Fil,2,Female
2026-2403,Ryan,Dela Cruz,BA His,3,Other
2026-2404,Valerie,Yap,BA Pan,4,Male
2026-2405,Sebastian,Soriano,BA PoS,1,Female
2026-2406,Quinn,Morales,BA Psych,2,Other
2026-2407,Miguel,Manansala,BA Soc,3,Male
2026-2408,Gabriel,Quinones,BAELS,4,Female
2026-2409,Heidi,Uy,BALCS,1,Other
2026-2410,Yvette,Panganiban,BET-CET,2,Male
2026-2411,Zachary,Javier,BET-ChET,3,Female
2026-2412,Heidi,David,BET-EET,4,Other
2026-2413,Isabella,Isidro,BET-EST,1,Male
2026-2414,Mia,Rosales,BET-MET,2,Female
2026-2415,Sofia,Uy,BET-MMT,3,Other
2026-2416,Aiden,Jalandoni,BS Applied Physics,4,Male
2026-2417,Noah,Yap,BS Bio-Animal Biology,1,Female
2026-2418,Alyssa,Ilagan,BS Bio-Biodiversity,2,Other
2026-2419,Diana,De Vera,BS Bio-Microbiology,3,Male
2026-2420,Rafael,Ocampo,BS Bio-Plant Biology,4,Female
2026-2421,Olivia,Samson,BS Chem,1,Other
2026-2422,Joy,Romero,BS Econ,2,Male
2026-2423,Faye,Perez,BS HM,3,Female
2026-2424,Dylan,Gutierrez,BS IAM,4,Other
2026-2425,Isabella,Pineda,BS Mar,1,Male
2026-2426,Janice,Baldwin,BS Math,2,Female
2026-2427,Tobias,Ledesma,BS Physics,3,Other
2026-2428,Bianca,Ong,BS Stat,4,Male
2026-2429,Tessa,Mercado,BSA,1,Female
2026-2430,Emilio,Ferrer,BSBA-BE,2,Other
2026-2431,Arman,David,BSBA-MM,3,Male
2026-2432,Leah,Kasim,BSCE,4,Female
2026-2433,Faye,Javier,BSCE,1,Other
2026-2434,Enzo,Salvacion,BSCS,2,Male
2026-2435,Leah,Flores,BSCerE,3,Female
2026-2436,Denise,Sanchez,BSChE,4,Other
2026-2437,Diana,Jalandoni,BSCpE,1,Male
2026-2438,Jasmine,Kara,BSECE,2,Female
2026-2439,Brian,Macaraeg,BSEE,3,Other
2026-2440,Enzo,Delos Santos,BSEME,4,Male
2026-2441,Ramon,Javier,BSENTREP,1,Female
2026-2442,Dominic,Flores,BSEnE,2,Other
2026-2443,Paolo,Co,BSIS,3,Male
2026-2444,Martin,Abad,BSIT,4,Female
2026-2445,Wesley,Rosales,BSME,1,Other
2026-2446,Katherine,Vargas,BSMEE,2,Male
2026-2447,Simon,Nolasco,BSMetE,3,Female
2026-2448,Celeste,Cayetano,BSCE,4,Other
2026-2449,Monica,Vargas,BSPhil,1,Male
2026-2450,Vera,Sanchez,BSPsych,2,Female
2026-2451,Sofia,Jalandoni,BA Fil,3,Other
2026-2452,Valerie,Lacsamana,BA His,4,Male
2026-2453,Janice,Alvarez,BA Pan,1,Female
2026-2454,Elena,Rivera,BA PoS,2,Other
2026-2455,Ian,Quinto,BA Psych,3,Male
2026-2456,Tessa,Lorenzo,BA Soc,4,Female
2026-2457,Bea,Belen,BAELS,1,Other
2026-2458,Dominic,Ortega,BALCS,2,Male
2026-2459,Gavin,Kasim,BET-CET,3,Female
2026-2460,Emilio,Serrano,BET-ChET,4,Other
2026-2461,Monica,Mercado,BET-EET,1,Male
2026-2462,Naomi,Roxas,BET-EST,2,Female
2026-2463,Brian,Diaz,BET-MET,3,Other
2026-2464,Kevin,Rivera,BET-MMT,4,Male
2026-2465,Faith,Bermudez,BS Applied Physics,1,Female
2026-2466,Valerie,Javier,BS Bio-Animal Biology,2,Other
2026-2467,Orlando,Aquino,BS Bio-Biodiversity,3,Male
2026-2468,Juan,Uy,BS Bio-Microbiology,4,Female
2026-2469,Tessa,Ramos,BS Bio-Plant Biology,1,Other
2026-2470,Eric,Quijano,BS Chem,2,Male
2026-2471,Cedric,Bautista,BS Econ,3,Female
2026-2472,Clarisse,Ilagan,BS HM,4,Other
2026-2473,Adrian,Ablaza,BS IAM,1,Male
2026-2474,Marnie,Padilla,BS Mar,2,Female
2026-2475,Ophelia,Sanchez,BS Math,3,Other
2026-2476,Ariana,Ilagan,BS Physics,4,Male
2026-2477,Janice,Enriquez,BS Stat,1,Female
2026-2478,Ramon,Soriano,BSA,2,Other
2026-2479,Carmen,Joaquin,BSBA-BE,3,Male
2026-2480,Leah,Natividad,BSBA-MM,4,Female
2026-2481,Nathan,Magtibay,BSCE,1,Other
2026-2482,Zion,San Jose,BSCE,2,Male
2026-2483,Nina,Quiambao,BSCS,3,Female
2026-2484,Vera,Nguyen,BSCerE,4,Other
2026-2485,Kenneth,Rivera,BSChE,1,Male
2026-2486,Arman,Gutierrez,BSCpE,2,Female
2026-2487,Martin,Diaz,BSECE,3,Other
2026-2488,Maria,Razon,BSEE,4,Male
2026-2489,Alyssa,Romero,BSEME,1,Female
2026-2490,Juan,Nolasco,BSENTREP,2,Other
2026-2491,Maria,Vargas,BSEnE,3,Male
2026-2492,Roderick,Khan,BSIS,4,Female
2026-2493,Adrian,Flores,BSIT,1,Other
2026-2494,Faye,Khan,BSME,2,Male
2026-2495,Christian,Valencia,BSMEE,3,Female
2026-2496,Tobias,Salvacion,BSMetE,4,Other
2026-2497,Paolo,Torres,BSCE,1,Male
2026-2498,Daphne,Flores,BSPhil,2,Female
2026-2499,Maria,Gonzales,BSPsych,3,Other
2026-2500,Arman,Inocencio,BA Fil,4,Male
2026-2501,Giselle,Padilla,BA His,1,Female
2026-2502,Luis,Guevara,BA Pan,2,Other
2026-2503,Nathan,Quiambao,BA PoS,3,Male
2026-2504,Emilio,Yabut,BA Psych,4,Female
2026-2505,Janice,Calderon,BA Soc,1,Other
2026-2506,Ramon,Ong,BAELS,2,Male
2026-2507,Katherine,Robles,BALCS,3,Female
2026-2508,Samuel,Soriano,BET-CET,4,Other
2026-2509,Rafael,Alvarez,BET-ChET,1,Male
2026-2510,Karl,Wong,BET-EET,2,Female
2026-2511,Maya,David,BET-EST,3,Other
2026-2512,Yana,Aguilar,BET-MET,4,Male
2026-2513,Zachary,San Jose,BET-MMT,1,Female
2026-2514,Yvonne,Inocencio,BS Applied Physics,2,Other
2026-2515,Hannah,Neri,BS Bio-Animal Biology,3,Male
2026-2516,Karl,Tagle,BS Bio-Biodiversity,4,Female
2026-2517,Lina,Torres,BS Bio-Microbiology,1,Other
2026-2518,Vincent,Ong,BS Bio-Plant Biology,2,Male
2026-2519,Zion,Osorio,BS Chem,3,Female
2026-2520,Jared,Madrigal,BS Econ,4,Other
2026-2521,Ursula,Ortega,BS HM,1,Male
2026-2522,Queenie,Velez,BS IAM,2,Female
2026-2523,Maria,Nguyen,BS Mar,3,Other
2026-2524,Clara,Bautista,BS Math,4,Male
2026-2525,Giselle,Neri,BS Physics,1,Female
2026-2526,Tessa,Serrano,BS Stat,2,Other
2026-2527,Arman,Dizon,BSA,3,Male
2026-2528,Tristan,Ocampo,BSBA-BE,4,Female
2026-2529,Finn,Ong,BSBA-MM,1,Other
2026-2530,Cedric,Roxas,BSCE,2,Male
2026-2531,Jose,Gutierrez,BSCE,3,Female
2026-2532,Tessa,Lim,BSCS,4,Other
2026-2533,Tobias,Velasco,BSCerE,1,Male
2026-2534,Vincent,Urbano,BSChE,2,Female
2026-2535,Nina,Dizon,BSCpE,3,Other
2026-2536,Yvonne,Serrano,BSECE,4,Male
2026-2537,Naomi,Quiambao,BSEE,1,Female
2026-2538,Noah,Quisumbing,BSEME,2,Other
2026-2539,Karl,Hidalgo,BSENTREP,3,Male
2026-2540,Janice,Ramos,BSEnE,4,Female
2026-2541,Jasmine,Fuentes,BSIS,1,Other
2026-2542,Ursula,Bermudez,BSIT,2,Male
2026-2543,Enzo,Hidalgo,BSME,3,Female
2026-2544,Giselle,Tanada,BSMEE,4,Other
2026-2545,Cedric,Natividad,BSMetE,1,Male
2026-2546,Bea,San Jose,BSCE,2,Female
2026-2547,Uriel,Quisumbing,BSPhil,3,Other
2026-2548,Jared,Abad,BSPsych,4,Male
2026-2549,Brenda,Kasim,BA Fil,1,Female
2026-2550,Irene,Salazar,BA His,2,Other
2026-2551,Gabriel,David,BA Pan,3,Male
2026-2552,Elias,Natividad,BA PoS,4,Female
2026-2553,Lina,Ilagan,BA Psych,1,Other
2026-2554,Brenda,Ramos,BA Soc,2,Male
2026-2555,Jose,Vargas,BAELS,3,Female
2026-2556,Nicole,Mercado,BALCS,4,Other
2026-2557,Andrea,Tiongson,BET-CET,1,Male
2026-2558,Ryan,Serrano,BET-ChET,2,Female
2026-2559,Simon,Gonzales,BET-EET,3,Other
2026-2560,Nathan,Villanueva,BET-EST,4,Male
2026-2561,Ella,Hilario,BET-MET,1,Female
2026-2562,Eric,Razon,BET-MMT,2,Other
2026-2563,Samuel,Samson,BS Applied Physics,3,Male
2026-2564,Leah,Abad,BS Bio-Animal Biology,4,Female
2026-2565,Bianca,Paredes,BS Bio-Biodiversity,1,Other
2026-2566,Ulysses,Bernardo,BS Bio-Microbiology,2,Male
2026-2567,Roderick,Lacsamana,BS Bio-Plant Biology,3,Female
2026-2568,Ulysses,Gonzales,BS Chem,4,Other
2026-2569,Dylan,Flores,BS Econ,1,Male
2026-2570,Neil,Rivera,BS HM,2,Female
2026-2571,Uriel,Hilario,BS IAM,3,Other
2026-2572,Ophelia,Samson,BS Mar,4,Male
2026-2573,Olivia,Uy,BS Math,1,Female
2026-2574,Karl,Estrada,BS Physics,2,Other
2026-2575,Jasmine,Ocampo,BS Stat,3,Male
2026-2576,Paula,Cayetano,BSA,4,Female
2026-2577,Valerie,Quisumbing,BSBA-BE,1,Other
2026-2578,Shiela,Sison,BSBA-MM,2,Male
2026-2579,Ella,Quijano,BSCE,3,Female
2026-2580,Katherine,Cayetano,BSCE,4,Other
2026-2581,Vincent,Tan,BSCS,1,Male
2026-2582,Elias,Aguilar,BSCerE,2,Female
2026-2583,Nicole,Torres,BSChE,3,Other
2026-2584,Karl,Abad,BSCpE,4,Male
2026-2585,Samuel,Estrada,BSECE,1,Female
2026-2586,Roderick,Aquino,BSEE,2,Other
2026-2587,Dylan,Mercado,BSEME,3,Male
2026-2588,Eric,Sison,BSENTREP,4,Female
2026-2589,Mia,Cruz,BSEnE,1,Other
2026-2590,Andrea,Benedicto,BSIS,2,Male
2026-2591,Perry,Yap,BSIT,3,Female
2026-2592,Tessa,Panganiban,BSME,4,Other
2026-2593,Daniel,Nguyen,BSMEE,1,Male
2026-2594,Daniel,Gutierrez,BSMetE,2,Female
2026-2595,Tobias,Kabiling,BSCE,3,Other
2026-2596,Isagani,Wong,BSPhil,4,Male
2026-2597,Paolo,Tan,BSPsych,1,Female
2026-2598,Samuel,Yason,BA Fil,2,Other
2026-2599,Rita,Sison,BA His,3,Male
2026-2600,Faith,Khan,BA Pan,4,Female
2026-2601,Monica,Ibrahim,BA PoS,1,Other
2026-2602,Grace,Quinto,BA Psych,2,Male
2026-2603,Dylan,Manalo,BA Soc,3,Female
2026-2604,Jared,Velasco,BAELS,4,Other
2026-2605,Karl,Ong,BALCS,1,Male
2026-2606,Clara,Tiongson,BET-CET,2,Female
2026-2607,Althea,Manalo,BET-ChET,3,Other
2026-2608,Hector,Ramos,BET-EET,4,Male
2026-2609,Tobias,Gatdula,BET-EST,1,Female
2026-2610,Uriel,Fernandez,BET-MET,2,Other
2026-2611,Roderick,Serrano,BET-MMT,3,Male
2026-2612,Juan,Navarro,BS Applied Physics,4,Female
2026-2613,Paula,Quijano,BS Bio-Animal Biology,1,Other
2026-2614,Clarisse,Diaz,BS Bio-Biodiversity,2,Male
2026-2615,Paolo,Manalo,BS Bio-Microbiology,3,Female
2026-2616,Lara,Estrada,BS Bio-Plant Biology,4,Other
2026-2617,Isabella,Tagle,BS Chem,1,Male
2026-2618,Wilma,Kabiling,BS Econ,2,Female
2026-2619,Yana,Macaraeg,BS HM,3,Other
2026-2620,Heidi,Herrera,BS IAM,4,Male
2026-2621,Hector,Alvarez,BS Mar,1,Female
2026-2622,Liam,Del Rosario,BS Math,2,Other
2026-2623,Paolo,Robles,BS Physics,3,Male
2026-2624,Janice,Co,BS Stat,4,Female
2026-2625,Diana,Tagle,BSA,1,Other
2026-2626,Christian,Soriano,BSBA-BE,2,Male
2026-2627,Monica,Ilagan,BSBA-MM,3,Female
2026-2628,Cedric,Diaz,BSCE,4,Other
2026-2629,Ivan,Quisumbing,BSCE,1,Male
2026-2630,Enzo,Calixto,BSCS,2,Female
2026-2631,Daphne,Del Rosario,BSCerE,3,Other
2026-2632,Ursula,Estrella,BSChE,4,Male
2026-2633,Ulysses,Baldwin,BSCpE,1,Female
2026-2634,Daphne,Neri,BSECE,2,Other
2026-2635,Alyssa,Panganiban,BSEE,3,Male
2026-2636,Yvette,Gutierrez,BSEME,4,Female
2026-2637,Martin,Nolasco,BSENTREP,1,Other
2026-2638,Aiden,Dizon,BSEnE,2,Male
2026-2639,Perry,Del Rosario,BSIS,3,Female
2026-2640,Victor,Cayetano,BSIT,4,Other
2026-2641,Tristan,Lacsamana,BSME,1,Male
2026-2642,Ivan,Gatchalian,BSMEE,2,Female
2026-2643,Sebastian,Yason,BSMetE,3,Other
2026-2644,Paolo,Quiambao,BSCE,4,Male
2026-2645,Olivia,Flores,BSPhil,1,Female
2026-2646,Samuel,Salazar,BSPsych,2,Other
2026-2647,Ella,Calderon,BA Fil,3,Male
2026-2648,Simon,Kara,BA His,4,Female
2026-2649,Perry,Tanada,BA Pan,1,Other
2026-2650,Joy,Rivera,BA PoS,2,Male
2026-2651,Ulysses,Tan,BA Psych,3,Female
2026-2652,Rita,Abad,BA Soc,4,Other
2026-2653,Maya,Tiongson,BAELS,1,Male
2026-2654,Janice,Castillo,BALCS,2,Female
2026-2655,Ophelia,Umali,BET-CET,3,Other
2026-2656,Perry,Inocencio,BET-ChET,4,Male
2026-2657,Yvonne,Samson,BET-EET,1,Female
2026-2658,Joshua,Kara,BET-EST,2,Other
2026-2659,Uriel,Santos,BET-MET,3,Male
2026-2660,Daniel,Ledesma,BET-MMT,4,Female
2026-2661,Ramon,Benedicto,BS Applied Physics,1,Other
2026-2662,Hannah,Urbano,BS Bio-Animal Biology,2,Male
2026-2663,Vera,Gatchalian,BS Bio-Biodiversity,3,Female
2026-2664,Noah,Samson,BS Bio-Microbiology,4,Other
2026-2665,Zion,De Vera,BS Bio-Plant Biology,1,Male
2026-2666,Irene,Cruz,BS Chem,2,Female
2026-2667,Hector,Morales,BS Econ,3,Other
2026-2668,Ella,Alvarez,BS HM,4,Male
2026-2669,Hazel,Ramos,BS IAM,1,Female
2026-2670,Martin,Lacsamana,BS Mar,2,Other
2026-2671,Gabriel,Vargas,BS Math,3,Male
2026-2672,Maya,Kasim,BS Physics,4,Female
2026-2673,Carmen,Santos,BS Stat,1,Other
2026-2674,Irene,Ong,BSA,2,Male
2026-2675,Diana,Enriquez,BSBA-BE,3,Female
2026-2676,Giselle,Panganiban,BSBA-MM,4,Other
2026-2677,Brenda,Umali,BSCE,1,Male
2026-2678,Frances,Lim,BSCE,2,Female
2026-2679,Isagani,Fuentes,BSCS,3,Other
2026-2680,Luis,Baldwin,BSCerE,4,Male
2026-2681,Rafael,Wong,BSChE,1,Female
2026-2682,Ariel,Enriquez,BSCpE,2,Other
2026-2683,Cedric,Salvacion,BSECE,3,Male
2026-2684,Tessa,Alvarez,BSEE,4,Female
2026-2685,Sofia,Isidro,BSEME,1,Other
2026-2686,Kenneth,Serrano,BSENTREP,2,Male
2026-2687,Dominic,Navarro,BSEnE,3,Female
2026-2688,Eric,Pineda,BSIS,4,Other
2026-2689,Orlando,Soriano,BSIT,1,Male
2026-2690,Zion,Delos Santos,BSME,2,Female
2026-2691,Giselle,Tagle,BSMEE,3,Other
2026-2692,Aiden,Flores,BSMetE,4,Male
2026-2693,Emilio,Isidro,BSCE,1,Female
2026-2694,Ursula,Garcia,BSPhil,2,Other
2026-2695,Luis,Magtibay,BSPsych,3,Male
2026-2696,Gavin,Domingo,BA Fil,4,Female
2026-2697,Paolo,Tiongson,BA His,1,Other
2026-2698,Neil,Osorio,BA Pan,2,Male
2026-2699,Jasmine,Kasim,BA PoS,3,Female
2026-2700,Monica,Nolasco,BA Psych,4,Other
2026-2701,Wesley,Inocencio,BA Soc,1,Male
2026-2702,Denise,Vargas,BAELS,2,Female
2026-2703,Luis,Wong,BALCS,3,Other
2026-2704,Faith,Quiambao,BET-CET,4,Male
2026-2705,Althea,Vargas,BET-ChET,1,Female
2026-2706,Carlo,Tagle,BET-EET,2,Other
2026-2707,Zoe,Rosales,BET-EST,3,Male
2026-2708,Grace,Aquino,BET-MET,4,Female
2026-2709,Leah,Estrada,BET-MMT,1,Other
2026-2710,Wendy,Tagle,BS Applied Physics,2,Male
2026-2711,Ivan,Nolasco,BS Bio-Animal Biology,3,Female
2026-2712,Ethan,Joaquin,BS Bio-Biodiversity,4,Other
2026-2713,Clarisse,Kara,BS Bio-Microbiology,1,Male
2026-2714,Gavin,Ferrer,BS Bio-Plant Biology,2,Female
2026-2715,Roderick,Yason,BS Chem,3,Other
2026-2716,Kenneth,Valdez,BS Econ,4,Male
2026-2717,Mila,Co,BS HM,1,Female
2026-2718,Neil,Espinosa,BS IAM,2,Other
2026-2719,Sofia,Serrano,BS Mar,3,Male
2026-2720,Angela,Neri,BS Math,4,Female
2026-2721,Orlando,Bernardo,BS Physics,1,Other
2026-2722,Paolo,Urbano,BS Stat,2,Male
2026-2723,Nicole,Sison,BSA,3,Female
2026-2724,Ophelia,Manalo,BSBA-BE,4,Other
2026-2725,Olivia,Calixto,BSBA-MM,1,Male
2026-2726,Noah,Isidro,BSCE,2,Female
2026-2727,Luis,Kasim,BSCE,3,Other
2026-2728,Cedric,Sanchez,BSCS,4,Male
2026-2729,Yvonne,Reyes,BSCerE,1,Female
2026-2730,Naomi,Serrano,BSChE,2,Other
2026-2731,Olivia,Vargas,BSCpE,3,Male
2026-2732,Heidi,Bernardo,BSECE,4,Female
2026-2733,Grace,San Jose,BSEE,1,Other
2026-2734,Dylan,Valencia,BSEME,2,Male
2026-2735,Faith,Velez,BSENTREP,3,Female
2026-2736,Isagani,Del Rosario,BSEnE,4,Other
2026-2737,Joy,Zulueta,BSIS,1,Male
2026-2738,Giselle,Quinones,BSIT,2,Female
2026-2739,Orlando,Dizon,BSME,3,Other
2026-2740,Janice,Kasim,BSMEE,4,Male
2026-2741,Joy,Dizon,BSMetE,1,Female
2026-2742,Sebastian,Fuentes,BSCE,2,Other
2026-2743,Victor,Rivera,BSPhil,3,Male
2026-2744,Paula,Umali,BSPsych,4,Female
2026-2745,Ian,Urbano,BA Fil,1,Other
2026-2746,Tobias,Bernardo,BA His,2,Male
2026-2747,Grace,Dizon,BA Pan,3,Female
2026-2748,Carmen,Soriano,BA PoS,4,Other
2026-2749,Giselle,Ibrahim,BA Psych,1,Male
2026-2750,Lara,Serrano,BA Soc,2,Female
2026-2751,Denise,Hilario,BAELS,3,Other
2026-2752,Mila,Calderon,BALCS,4,Male
2026-2753,Ariel,Gonzales,BET-CET,1,Female
2026-2754,Isagani,Isidro,BET-ChET,2,Other
2026-2755,Nina,Enriquez,BET-EET,3,Male
2026-2756,Irene,Del Rosario,BET-EST,4,Female
2026-2757,Shiela,Estrada,BET-MET,1,Other
2026-2758,Andrea,Uy,BET-MMT,2,Male
2026-2759,Ramon,Torres,BS Applied Physics,3,Female
2026-2760,Brenda,Santos,BS Bio-Animal Biology,4,Other
2026-2761,Maya,Jacinto,BS Bio-Biodiversity,1,Male
2026-2762,Joshua,Umali,BS Bio-Microbiology,2,Female
2026-2763,Nathan,Gutierrez,BS Bio-Plant Biology,3,Other
2026-2764,Maya,Castillo,BS Chem,4,Male
2026-2765,Janice,Hidalgo,BS Econ,1,Female
2026-2766,Sebastian,Nguyen,BS HM,2,Other
2026-2767,Olivia,Aquino,BS IAM,3,Male
2026-2768,Daphne,Zulueta,BS Mar,4,Female
2026-2769,Vincent,Neri,BS Math,1,Other
2026-2770,Zion,Jalandoni,BS Physics,2,Male
2026-2771,Naomi,Yap,BS Stat,3,Female
2026-2772,Patrick,De Vera,BSA,4,Other
2026-2773,Althea,Cabrera,BSBA-BE,1,Male
2026-2774,Yvonne,Ledesma,BSBA-MM,2,Female
2026-2775,Nathan,Luna,BSCE,3,Other
2026-2776,Lara,Kabiling,BSCE,4,Male
2026-2777,Juan,Valencia,BSCS,1,Female
2026-2778,Ivan,Robles,BSCerE,2,Other
2026-2779,Ian,Razon,BSChE,3,Male
2026-2780,Christian,Bautista,BSCpE,4,Female
2026-2781,Frances,Yason,BSECE,1,Other
2026-2782,Perry,Zamora,BSEE,2,Male
2026-2783,Christian,Natividad,BSEME,3,Female
2026-2784,Janice,Del Rosario,BSENTREP,4,Other
2026-2785,Yvonne,Quisumbing,BSEnE,1,Male
2026-2786,Aiden,Velez,BSIS,2,Female
2026-2787,Ulysses,Co,BSIT,3,Other
2026-2788,Isabella,Santiago,BSME,4,Male
2026-2789,Luis,Padilla,BSMEE,1,Female
2026-2790,Rafael,Umali,BSMetE,2,Other
2026-2791,Patrick,Flores,BSCE,3,Male
2026-2792,Hector,Magtibay,BSPhil,4,Female
2026-2793,Martin,Velasco,BSPsych,1,Other
2026-2794,Luis,Ong,BA Fil,2,Male
2026-2795,Giselle,Quiambao,BA His,3,Female
2026-2796,Jared,Cruz,BA Pan,4,Other
2026-2797,Paolo,Serrano,BA PoS,1,Male
2026-2798,Mila,Isidro,BA Psych,2,Female
2026-2799,Laura,Umali,BA Soc,3,Other
2026-2800,Carmen,Quinto,BAELS,4,Male
2026-2801,Wilma,Vargas,BALCS,1,Female
2026-2802,Cedric,Ferrer,BET-CET,2,Other
2026-2803,Victor,Ocampo,BET-ChET,3,Male
2026-2804,Andrea,Magtibay,BET-EET,4,Female
2026-2805,Arman,Zulueta,BET-EST,1,Other
2026-2806,Patrick,Ilagan,BET-MET,2,Male
2026-2807,Leah,Ablaza,BET-MMT,3,Female
2026-2808,Rafael,Quinones,BS Applied Physics,4,Other
2026-2809,Adrian,Santos,BS Bio-Animal Biology,1,Male
2026-2810,Ethan,Herrera,BS Bio-Biodiversity,2,Female
2026-2811,Hector,Urbano,BS Bio-Microbiology,3,Other
2026-2812,Yvette,Valdez,BS Bio-Plant Biology,4,Male
2026-2813,Giselle,De Vera,BS Chem,1,Female
2026-2814,Samuel,Roxas,BS Econ,2,Other
2026-2815,Patricia,Ocampo,BS HM,3,Male
2026-2816,Leah,Kara,BS IAM,4,Female
2026-2817,Lina,Belen,BS Mar,1,Other
2026-2818,Perry,Hernandez,BS Math,2,Male
2026-2819,Yvette,San Jose,BS Physics,3,Female
2026-2820,Daniel,Uy,BS Stat,4,Other
2026-2821,Queenie,Madrigal,BSA,1,Male
2026-2822,Enzo,Padilla,BSBA-BE,2,Female
2026-2823,Ophelia,Calixto,BSBA-MM,3,Other
2026-2824,Janice,Padilla,BSCE,4,Male
2026-2825,Denise,Joaquin,BSCE,1,Female
2026-2826,Denise,Pineda,BSCS,2,Other
2026-2827,Daphne,Espinosa,BSCerE,3,Male
2026-2828,Elena,Alvarez,BSChE,4,Female
2026-2829,Hannah,Guevara,BSCpE,1,Other
2026-2830,Ian,Manansala,BSECE,2,Male
2026-2831,Cyrus,Inocencio,BSEE,3,Female
2026-2832,Faye,Tanada,BSEME,4,Other
2026-2833,Luis,Estrella,BSENTREP,1,Male
2026-2834,Isabella,Gatdula,BSEnE,2,Female
2026-2835,Hazel,Reyes,BSIS,3,Other
2026-2836,Ella,Baldwin,BSIT,4,Male
2026-2837,Orlando,Hidalgo,BSME,1,Female
2026-2838,Andrea,Gonzales,BSMEE,2,Other
2026-2839,Katherine,Sanchez,BSMetE,3,Male
2026-2840,Sebastian,Hernandez,BSCE,4,Female
2026-2841,Ryan,Kasim,BSPhil,1,Other
2026-2842,Yvonne,Ocampo,BSPsych,2,Male
2026-2843,Roderick,Pascual,BA Fil,3,Female
2026-2844,Ana,Mercado,BA His,4,Other
2026-2845,Jared,Mercado,BA Pan,1,Male
2026-2846,Christian,Belen,BA PoS,2,Female
2026-2847,Naomi,Razon,BA Psych,3,Other
2026-2848,George,Manalo,BA Soc,4,Male
2026-2849,Sofia,De Leon,BAELS,1,Female
2026-2850,Andrea,Delos Santos,BALCS,2,Other
2026-2851,Tessa,Dizon,BET-CET,3,Male
2026-2852,Xavier,Nolasco,BET-ChET,4,Female
2026-2853,Eric,Uy,BET-EET,1,Other
2026-2854,Samuel,Natividad,BET-EST,2,Male
2026-2855,Ana,Valdez,BET-MET,3,Female
2026-2856,Wendy,Aquino,BET-MMT,4,Other
2026-2857,Maria,Rosales,BS Applied Physics,1,Male
2026-2858,Lourdes,Macaraeg,BS Bio-Animal Biology,2,Female
2026-2859,Patrick,Velez,BS Bio-Biodiversity,3,Other
2026-2860,Marnie,Quisumbing,BS Bio-Microbiology,4,Male
2026-2861,Faith,Tan,BS Bio-Plant Biology,1,Female
2026-2862,Hector,Villanueva,BS Chem,2,Other
2026-2863,Adrian,Padilla,BS Econ,3,Male
2026-2864,Bea,Alvarez,BS HM,4,Female
2026-2865,Orlando,Tan,BS IAM,1,Other
2026-2866,Cedric,Estrella,BS Mar,2,Male
2026-2867,Ryan,Quinones,BS Math,3,Female
2026-2868,Naomi,Soriano,BS Physics,4,Other
2026-2869,Finn,Magtibay,BS Stat,1,Male
2026-2870,Jasmine,Ablaza,BSA,2,Female
2026-2871,Giselle,Guevara,BSBA-BE,3,Other
2026-2872,Bea,Luna,BSBA-MM,4,Male
2026-2873,Paolo,Quijano,BSCE,1,Female
2026-2874,Neil,Jacinto,BSCE,2,Other
2026-2875,Rafael,Villanueva,BSCS,3,Male
2026-2876,Samuel,Flores,BSCerE,4,Female
2026-2877,Dylan,Mendoza,BSChE,1,Other
2026-2878,Hazel,Mercado,BSCpE,2,Male
2026-2879,Diana,Hidalgo,BSECE,3,Female
2026-2880,Nathan,Ilagan,BSEE,4,Other
2026-2881,Sebastian,Espinosa,BSEME,1,Male
2026-2882,Luis,Bernardo,BSENTREP,2,Female
2026-2883,Kevin,Roxas,BSEnE,3,Other
2026-2884,Heidi,Calderon,BSIS,4,Male
2026-2885,Carmen,Villanueva,BSIT,1,Female
2026-2886,Paula,Rosales,BSME,2,Other
2026-2887,Dominic,De Leon,BSMEE,3,Male
2026-2888,Yvonne,Castillo,BSMetE,4,Female
2026-2889,Shiela,Samson,BSCE,1,Other
2026-2890,Juan,Tagle,BSPhil,2,Male
2026-2891,Enzo,Hernandez,BSPsych,3,Female
2026-2892,Xavier,Lorenzo,BA Fil,4,Other
2026-2893,Nicole,Co,BA His,1,Male
2026-2894,Janice,Flores,BA Pan,2,Female
2026-2895,Olivia,Dela Cruz,BA PoS,3,Other
2026-2896,Marnie,De Vera,BA Psych,4,Male
2026-2897,Lara,Calderon,BA Soc,1,Female
2026-2898,Nathan,Romero,BAELS,2,Other
2026-2899,Vincent,Ferrer,BALCS,3,Male
2026-2900,Mila,Neri,BET-CET,4,Female
2026-2901,Shiela,Enriquez,BET-ChET,1,Other
2026-2902,Uriel,Gutierrez,BET-EET,2,Male
2026-2903,Jose,Lorenzo,BET-EST,3,Female
2026-2904,Yana,Wong,BET-MET,4,Other
2026-2905,Patrick,Hernandez,BET-MMT,1,Male
2026-2906,Leah,Salvacion,BS Applied Physics,2,Female
2026-2907,Maria,Cayetano,BS Bio-Animal Biology,3,Other
2026-2908,Zachary,Rosales,BS Bio-Biodiversity,4,Male
2026-2909,Aiden,Neri,BS Bio-Microbiology,1,Female
2026-2910,Patricia,Madrigal,BS Bio-Plant Biology,2,Other
2026-2911,Katherine,Velez,BS Chem,3,Male
2026-2912,Rita,Santos,BS Econ,4,Female
2026-2913,Ryan,Pineda,BS HM,1,Other
2026-2914,Althea,Fuentes,BS IAM,2,Male
2026-2915,Ariana,Valdez,BS Mar,3,Female
2026-2916,Isabella,Estrada,BS Math,4,Other
2026-2917,Ivan,Baldwin,BS Physics,1,Male
2026-2918,Clara,Abad,BS Stat,2,Female
2026-2919,Xavier,Yabut,BSA,3,Other
2026-2920,Tessa,Ferrer,BSBA-BE,4,Male
2026-2921,Celeste,Ilagan,BSBA-MM,1,Female
2026-2922,Sofia,Hernando,BSCE,2,Other
2026-2923,Brenda,Valdez,BSCE,3,Male
2026-2924,Ivan,Inocencio,BSCS,4,Female
2026-2925,Shiela,Mendoza,BSCerE,1,Other
2026-2926,Hector,Samson,BSChE,2,Male
2026-2927,Leo,Santos,BSCpE,3,Female
2026-2928,Miguel,Diaz,BSECE,4,Other
2026-2929,Gavin,Quisumbing,BSEE,1,Male
2026-2930,Elias,Estrella,BSEME,2,Female
2026-2931,Luis,Gatdula,BSENTREP,3,Other
2026-2932,Bea,Quijano,BSEnE,4,Male
2026-2933,Isabella,Luna,BSIS,1,Female
2026-2934,Valerie,Nolasco,BSIT,2,Other
2026-2935,Hannah,Ortega,BSME,3,Male
2026-2936,Yana,Natividad,BSMEE,4,Female
2026-2937,Jared,Osorio,BSMetE,1,Other
2026-2938,Mark,Uy,BSCE,2,Male
2026-2939,Uriel,Calderon,BSPhil,3,Female
2026-2940,Leah,Uy,BSPsych,4,Other
2026-2941,Paula,Benedicto,BA Fil,1,Male
2026-2942,Kevin,Ledesma,BA His,2,Female
2026-2943,Lina,Lim,BA Pan,3,Other
2026-2944,Joy,Pineda,BA PoS,4,Male
2026-2945,Yvonne,Bermudez,BA Psych,1,Female
2026-2946,Bella,Kasim,BA Soc,2,Other
2026-2947,Mila,Umali,BAELS,3,Male
2026-2948,Marnie,De Leon,BALCS,4,Female
2026-2949,Paolo,Estrella,BET-CET,1,Other
2026-2950,Paolo,Villanueva,BET-ChET,2,Male
2026-2951,Patrick,Castillo,BET-EET,3,Female
2026-2952,Rafael,Ferrer,BET-EST,4,Other
2026-2953,Ramon,Santos,BET-MET,1,Male
2026-2954,Queenie,Rosales,BET-MMT,2,Female
2026-2955,Gabriel,Ledesma,BS Applied Physics,3,Other
2026-2956,Joshua,Ablaza,BS Bio-Animal Biology,4,Male
2026-2957,Luis,Dela Cruz,BS Bio-Biodiversity,1,Female
2026-2958,Laura,Magtibay,BS Bio-Microbiology,2,Other
2026-2959,Brian,Tiongson,BS Bio-Plant Biology,3,Male
2026-2960,Adrian,Estrada,BS Chem,4,Female
2026-2961,Ophelia,Gutierrez,BS Econ,1,Other
2026-2962,Nestor,Magtibay,BS HM,2,Male
2026-2963,Grace,Estrada,BS IAM,3,Female
2026-2964,Giselle,Abad,BS Mar,4,Other
2026-2965,Martin,Benedicto,BS Math,1,Male
2026-2966,Daniel,Yap,BS Physics,2,Female
2026-2967,Nestor,Calixto,BS Stat,3,Other
2026-2968,Ariel,Delos Santos,BSA,4,Male
2026-2969,Diana,Estrella,BSBA-BE,1,Female
2026-2970,Ramon,Tagle,BSBA-MM,2,Other
2026-2971,Irene,Pineda,BSCE,3,Male
2026-2972,Naomi,Quinones,BSCE,4,Female
2026-2973,Neil,Mercado,BSCS,1,Other
2026-2974,Victor,Kabiling,BSCerE,2,Male
2026-2975,Queenie,Aguilar,BSChE,3,Female
2026-2976,Lourdes,Razon,BSCpE,4,Other
2026-2977,Valerie,Joaquin,BSECE,1,Male
2026-2978,Kenneth,Nguyen,BSEE,2,Female
2026-2979,Bea,Ilagan,BSEME,3,Other
2026-2980,Rafael,Quisumbing,BSENTREP,4,Male
2026-2981,Victor,Lopez,BSEnE,1,Female
2026-2982,Yvonne,Gonzales,BSIS,2,Other
2026-2983,Daphne,Dizon,BSIT,3,Male
2026-2984,Brian,Kara,BSME,4,Female
2026-2985,Ian,Khan,BSMEE,1,Other
2026-2986,Angela,Enriquez,BSMetE,2,Male
2026-2987,Ariana,Herrera,BSCE,3,Female
2026-2988,Miguel,Kasim,BSPhil,4,Other
2026-2989,Ian,Tanada,BSPsych,1,Male
2026-2990,Ariana,Ortega,BA Fil,2,Female
2026-2991,Zoe,Yason,BA His,3,Other
2026-2992,Karl,Tanada,BA Pan,4,Male
2026-2993,Liam,Quisumbing,BA PoS,1,Female
2026-2994,Bella,Fernandez,BA Psych,2,Other
2026-2995,Vera,Belen,BA Soc,3,Male
2026-2996,Joshua,Paredes,BAELS,4,Female
2026-2997,Ariana,Roxas,BALCS,1,Other
2026-2998,Olivia,Valencia,BET-CET,2,Male
2026-2999,Selena,Umali,BET-ChET,3,Female
2026-3000,Alyssa,Tagle,BET-EET,4,Other
2026-3001,Nicole,Velasco,BET-EST,1,Male
2026-3002,Paula,Tan,BET-MET,2,Female
2026-3003,Shiela,Herrera,BET-MMT,3,Other
2026-3004,Elena,Estrada,BS Applied Physics,4,Male
2026-3005,Uriel,De Leon,BS Bio-Animal Biology,1,Female
2026-3006,Carlo,Wong,BS Bio-Biodiversity,2,Other
2026-3007,Bea,Torres,BS Bio-Microbiology,3,Male
2026-3008,Kevin,Calixto,BS Bio-Plant Biology,4,Female
2026-3009,Ramon,Salvacion,BS Chem,1,Other
2026-3010,Patrick,Bernardo,BS Econ,2,Male
2026-3011,Celeste,Calixto,BS HM,3,Female
2026-3012,Juan,Santos,BS IAM,4,Other
2026-3013,Irene,Guevara,BS Mar,1,Male
2026-3014,Brenda,Macaraeg,BS Math,2,Female
2026-3015,Nina,Cabrera,BS Physics,3,Other
2026-3016,Dylan,Jacinto,BS Stat,4,Male
2026-3017,Vincent,Yabut,BSA,1,Female
2026-3018,Ophelia,Lorenzo,BSBA-BE,2,Other
2026-3019,Neil,Urbano,BSBA-MM,3,Male
2026-3020,Karl,Jacinto,BSCE,4,Female
2026-3021,Selena,Navarro,BSCE,1,Other
2026-3022,Arman,Cayetano,BSCS,2,Male
2026-3023,Mark,De Leon,BSCerE,3,Female
2026-3024,Liam,Umali,BSChE,4,Other
2026-3025,Isagani,Ferrer,BSCpE,1,Male
2026-3026,Diana,Garcia,BSECE,2,Female
2026-3027,Neil,Bautista,BSEE,3,Other
2026-3028,Juan,Madrigal,BSEME,4,Male
2026-3029,Ian,Bermudez,BSENTREP,1,Female
2026-3030,George,Cruz,BSEnE,2,Other
2026-3031,Martin,Sison,BSIS,3,Male
2026-3032,Martin,De Vera,BSIT,4,Female
2026-3033,Angela,Isidro,BSME,1,Other
2026-3034,Tobias,Calderon,BSMEE,2,Male
2026-3035,Joy,Manansala,BSMetE,3,Female
2026-3036,Vincent,Jacinto,BSCE,4,Other
2026-3037,Cyrus,Gonzales,BSPhil,1,Male
2026-3038,Marnie,Samson,BSPsych,2,Female
2026-3039,Ulysses,Fuentes,BA Fil,3,Other
2026-3040,Carlo,Lopez,BA His,4,Male
2026-3041,Heidi,Zulueta,BA Pan,1,Female
2026-3042,Ella,Hidalgo,BA PoS,2,Other
2026-3043,Lourdes,David,BA Psych,3,Male
2026-3044,Simon,Benedicto,BA Soc,4,Female
2026-3045,Perry,Sison,BAELS,1,Other
2026-3046,Leo,Ablaza,BALCS,2,Male
2026-3047,Ariel,Belen,BET-CET,3,Female
2026-3048,Ariana,Tagle,BET-ChET,4,Other
2026-3049,Brenda,Yason,BET-EET,1,Male
2026-3050,Clarisse,Panganiban,BET-EST,2,Female
2026-3051,Olivia,Macaraeg,BET-MET,3,Other
2026-3052,Wesley,Estrella,BET-MMT,4,Male
2026-3053,Tessa,Roxas,BS Applied Physics,1,Female
2026-3054,Christian,Lopez,BS Bio-Animal Biology,2,Other
2026-3055,Daphne,Bernardo,BS Bio-Biodiversity,3,Male
2026-3056,Miguel,Quinto,BS Bio-Microbiology,4,Female
2026-3057,Joy,Hernando,BS Bio-Plant Biology,1,Other
2026-3058,Roderick,Isidro,BS Chem,2,Male
2026-3059,Cyrus,Ablaza,BS Econ,3,Female
2026-3060,Lara,Ortega,BS HM,4,Other
2026-3061,Hazel,Ocampo,BS IAM,1,Male
2026-3062,Ursula,Padilla,BS Mar,2,Female
2026-3063,Wesley,Manalo,BS Math,3,Other
2026-3064,Samuel,Bautista,BS Physics,4,Male
2026-3065,Eric,Samson,BS Stat,1,Female
2026-3066,Dylan,Jalandoni,BSA,2,Other
2026-3067,Bella,Dela Cruz,BSBA-BE,3,Male
2026-3068,Hannah,Vargas,BSBA-MM,4,Female
2026-3069,Althea,Belen,BSCE,1,Other
2026-3070,Andrea,Cabrera,BSCE,2,Male
2026-3071,Angela,Gatdula,BSCS,3,Female
2026-3072,Naomi,Guevara,BSCerE,4,Other
2026-3073,Clara,De Leon,BSChE,1,Male
2026-3074,Leo,Ferrer,BSCpE,2,Female
2026-3075,Brian,Rivera,BSECE,3,Other
2026-3076,Isabella,Dela Cruz,BSEE,4,Male
2026-3077,Dominic,Tanada,BSEME,1,Female
2026-3078,Neil,Vargas,BSENTREP,2,Other
2026-3079,Jose,Co,BSEnE,3,Male
2026-3080,Celeste,Ortega,BSIS,4,Female
2026-3081,Monica,Bernardo,BSIT,1,Other
2026-3082,Leo,Ilagan,BSME,2,Male
2026-3083,Liam,Wong,BSMEE,3,Female
2026-3084,Yana,Rivera,BSMetE,4,Other
2026-3085,Olivia,Bautista,BSCE,1,Male
2026-3086,Hazel,Osorio,BSPhil,2,Female
2026-3087,Tristan,Fernandez,BSPsych,3,Other
2026-3088,Sofia,Ablaza,BA Fil,4,Male
2026-3089,Joy,Ilagan,BA His,1,Female
2026-3090,Ulysses,Salvacion,BA Pan,2,Other
2026-3091,Finn,Hilario,BA PoS,3,Male
2026-3092,Karl,Isidro,BA Psych,4,Female
2026-3093,Ariana,Bernardo,BA Soc,1,Other
2026-3094,Laura,Tagle,BAELS,2,Male
2026-3095,Cyrus,Navarro,BALCS,3,Female
2026-3096,Samuel,Panganiban,BET-CET,4,Other
2026-3097,Neil,Enriquez,BET-ChET,1,Male
2026-3098,Bella,Morales,BET-EET,2,Female
2026-3099,Hector,Herrera,BET-EST,3,Other
2026-3100,Ian,Gatchalian,BET-MET,4,Male
2026-3101,Tobias,Gatchalian,BET-MMT,1,Female
2026-3102,Perry,Joaquin,BS Applied Physics,2,Other
2026-3103,Orlando,Ablaza,BS Bio-Animal Biology,3,Male
2026-3104,Jared,Yap,BS Bio-Biodiversity,4,Female
2026-3105,Hector,Diaz,BS Bio-Microbiology,1,Other
2026-3106,Rafael,Cabrera,BS Bio-Plant Biology,2,Male
2026-3107,Ian,Velez,BS Chem,3,Female
2026-3108,Perry,Castillo,BS Econ,4,Other
2026-3109,Wesley,Del Rosario,BS HM,1,Male
2026-3110,Enzo,Zulueta,BS IAM,2,Female
2026-3111,Nina,Sison,BS Mar,3,Other
2026-3112,Yana,Mendoza,BS Math,4,Male
2026-3113,Yvette,Hernando,BS Physics,1,Female
2026-3114,Ramon,Cabrera,BS Stat,2,Other
2026-3115,Zoe,Gatdula,BSA,3,Male
2026-3116,Emilio,Alvarez,BSBA-BE,4,Female
2026-3117,Olivia,Baldwin,BSBA-MM,1,Other
2026-3118,Lourdes,Tagle,BSCE,2,Male
2026-3119,Giselle,Robles,BSCE,3,Female
2026-3120,Irene,Quinones,BSCS,4,Other
2026-3121,Clara,Castillo,BSCerE,1,Male
2026-3122,Xavier,Lopez,BSChE,2,Female
2026-3123,Grace,Cruz,BSCpE,3,Other
2026-3124,Ana,Manansala,BSECE,4,Male
2026-3125,Emilio,Cabrera,BSEE,1,Female
2026-3126,Carmen,Hidalgo,BSEME,2,Other
2026-3127,Wilma,Delos Santos,BSENTREP,3,Male
2026-3128,Wesley,Santiago,BSEnE,4,Female
2026-3129,Lina,Velez,BSIS,1,Other
2026-3130,Dylan,Torres,BSIT,2,Male
2026-3131,Andrea,Quinto,BSME,3,Female
2026-3132,Dominic,Yap,BSMEE,4,Other
2026-3133,Elias,Bautista,BSMetE,1,Male
2026-3134,Ella,Madrigal,BSCE,2,Female
2026-3135,Denise,Bernardo,BSPhil,3,Other
2026-3136,Hannah,Ibrahim,BSPsych,4,Male
2026-3137,Quinn,Quinones,BA Fil,1,Female
2026-3138,Valerie,Estrella,BA His,2,Other
2026-3139,Nathan,Mendoza,BA Pan,3,Male
2026-3140,Simon,Ibrahim,BA PoS,4,Female
2026-3141,Samuel,Villanueva,BA Psych,1,Other
2026-3142,Brian,Kabiling,BA Soc,2,Male
2026-3143,Lara,Urbano,BAELS,3,Female
2026-3144,Monica,Dela Cruz,BALCS,4,Other
2026-3145,Simon,Padilla,BET-CET,1,Male
2026-3146,Finn,Tanada,BET-ChET,2,Female
2026-3147,Liam,Jacinto,BET-EET,3,Other
2026-3148,Zoe,Khan,BET-EST,4,Male
2026-3149,Lourdes,Ferrer,BET-MET,1,Female
2026-3150,Andrea,Ledesma,BET-MMT,2,Other
2026-3151,Sebastian,Gonzales,BS Applied Physics,3,Male
2026-3152,Quinn,Valdez,BS Bio-Animal Biology,4,Female
2026-3153,Nicole,Tan,BS Bio-Biodiversity,1,Other
2026-3154,Samuel,Paredes,BS Bio-Microbiology,2,Male
2026-3155,Selena,Robles,BS Bio-Plant Biology,3,Female
2026-3156,Irene,Javier,BS Chem,4,Other
2026-3157,Nina,Ibrahim,BS Econ,1,Male
2026-3158,Ophelia,Benedicto,BS HM,2,Female
2026-3159,Dylan,Estrada,BS IAM,3,Other
2026-3160,Tessa,Luna,BS Mar,4,Male
2026-3161,Dominic,Joaquin,BS Math,1,Female
2026-3162,Brian,Gatdula,BS Physics,2,Other
2026-3163,Isabella,Robles,BS Stat,3,Male
2026-3164,Xavier,Roxas,BSA,4,Female
2026-3165,Kenneth,Manalo,BSBA-BE,1,Other
2026-3166,Yvonne,Ortega,BSBA-MM,2,Male
2026-3167,Perry,Osorio,BSCE,3,Female
2026-3168,Ivan,Gutierrez,BSCE,4,Other
2026-3169,Daniel,Osorio,BSCS,1,Male
2026-3170,Alyssa,Castillo,BSCerE,2,Female
2026-3171,Wesley,Ablaza,BSChE,3,Other
2026-3172,Tristan,Neri,BSCpE,4,Male
2026-3173,Maria,Tiongson,BSECE,1,Female
2026-3174,Leah,Jalandoni,BSEE,2,Other
2026-3175,Queenie,Urbano,BSEME,3,Male
2026-3176,Ramon,Fuentes,BSENTREP,4,Female
2026-3177,Zoe,Gutierrez,BSEnE,1,Other
2026-3178,Ophelia,De Vera,BSIS,2,Male
2026-3179,Denise,Neri,BSIT,3,Female
2026-3180,Victor,Javier,BSME,4,Other
2026-3181,Vera,Madrigal,BSMEE,1,Male
2026-3182,Jasmine,Estrada,BSMetE,2,Female
2026-3183,Ryan,Hilario,BSCE,3,Other
2026-3184,Ivan,Jalandoni,BSPhil,4,Male
2026-3185,Vincent,Dizon,BSPsych,1,Female
2026-3186,Jasmine,Khan,BA Fil,2,Other
2026-3187,Mila,Pineda,BA His,3,Male
2026-3188,Ophelia,Nguyen,BA Pan,4,Female
2026-3189,Patricia,Del Rosario,BA PoS,1,Other
2026-3190,Faith,Dizon,BA Psych,2,Male
2026-3191,Adrian,Magtibay,BA Soc,3,Female
2026-3192,Alyssa,Javier,BAELS,4,Other
2026-3193,Shiela,Manalo,BALCS,1,Male
2026-3194,Valerie,Romero,BET-CET,2,Female
2026-3195,Perry,Yason,BET-ChET,3,Other
2026-3196,Ana,Bautista,BET-EET,4,Male
2026-3197,Zoe,Macaraeg,BET-EST,1,Female
2026-3198,Lina,Urbano,BET-MET,2,Other
2026-3199,Yana,Umali,BET-MMT,3,Male
2026-3200,Nicole,Dela Cruz,BS Applied Physics,4,Female
2026-3201,Uriel,Ramos,BS Bio-Animal Biology,1,Other
2026-3202,Faith,Benedicto,BS Bio-Biodiversity,2,Male
2026-3203,Karl,Gonzales,BS Bio-Microbiology,3,Female
2026-3204,Wendy,Yap,BS Bio-Plant Biology,4,Other
2026-3205,Arman,Osorio,BS Chem,1,Male
2026-3206,Mia,Razon,BS Econ,2,Female
2026-3207,Cedric,Gatchalian,BS HM,3,Other
2026-3208,Maya,Joaquin,BS IAM,4,Male
2026-3209,Maria,Reyes,BS Mar,1,Female
2026-3210,Jose,Quiambao,BS Math,2,Other
2026-3211,Janice,Quinto,BS Physics,3,Male
2026-3212,Zoe,Hilario,BS Stat,4,Female
2026-3213,Carlo,Ferrer,BSA,1,Other
2026-3214,Noah,De Leon,BSBA-BE,2,Male
2026-3215,Elias,Pascual,BSBA-MM,3,Female
2026-3216,Roderick,Espinosa,BSCE,4,Other
2026-3217,Joshua,Roxas,BSCE,1,Male
2026-3218,Heidi,Wong,BSCS,2,Female
2026-3219,Mila,Tiongson,BSCerE,3,Other
2026-3220,Zachary,Khan,BSChE,4,Male
2026-3221,Yana,Cabrera,BSCpE,1,Female
2026-3222,Victor,Zulueta,BSECE,2,Other
2026-3223,Clarisse,Hernandez,BSEE,3,Male
2026-3224,Tristan,Tiongson,BSEME,4,Female
2026-3225,Patrick,Gatchalian,BSENTREP,1,Other
2026-3226,Paula,Abad,BSEnE,2,Male
2026-3227,Christian,Ilagan,BSIS,3,Female
2026-3228,Xavier,Herrera,BSIT,4,Other
2026-3229,Maria,Quiambao,BSME,1,Male
2026-3230,Laura,Soriano,BSMEE,2,Female
2026-3231,Queenie,Estrada,BSMetE,3,Other
2026-3232,Ariel,Khan,BSCE,4,Male
2026-3233,Noah,Ferrer,BSPhil,1,Female
2026-3234,Ivan,Rosales,BSPsych,2,Other
2026-3235,Bianca,Lim,BA Fil,3,Male
2026-3236,Brian,Madrigal,BA His,4,Female
2026-3237,Maria,Javier,BA Pan,1,Other
2026-3238,Carlo,Zulueta,BA PoS,2,Male
2026-3239,Hazel,Jalandoni,BA Psych,3,Female
2026-3240,Patricia,Kabiling,BA Soc,4,Other
2026-3241,Ophelia,Ortega,BAELS,1,Male
2026-3242,Rita,Diaz,BALCS,2,Female
2026-3243,Luis,Zamora,BET-CET,3,Other
2026-3244,Ethan,Inocencio,BET-ChET,4,Male
2026-3245,Martin,Macaraeg,BET-EET,1,Female
2026-3246,Simon,Manansala,BET-EST,2,Other
2026-3247,Dylan,Rosales,BET-MET,3,Male
2026-3248,Ursula,Osorio,BET-MMT,4,Female
2026-3249,Daniel,Soriano,BS Applied Physics,1,Other
2026-3250,Irene,Jacinto,BS Bio-Animal Biology,2,Male
2026-3251,Yana,Nolasco,BS Bio-Biodiversity,3,Female
2026-3252,Hector,Ledesma,BS Bio-Microbiology,4,Other
2026-3253,Althea,Calderon,BS Bio-Plant Biology,1,Male
2026-3254,Heidi,Mercado,BS Chem,2,Female
2026-3255,Samuel,San Jose,BS Econ,3,Other
2026-3256,Clarisse,Joaquin,BS HM,4,Male
2026-3257,Nina,Santiago,BS IAM,1,Female
2026-3258,Frances,Domingo,BS Mar,2,Other
2026-3259,George,Mercado,BS Math,3,Male
2026-3260,Ella,Quinto,BS Physics,4,Female
2026-3261,Ulysses,Yason,BS Stat,1,Other
2026-3262,Jasmine,Zulueta,BSA,2,Male
2026-3263,Finn,Estrada,BSBA-BE,3,Female
2026-3264,Monica,Rivera,BSBA-MM,4,Other
2026-3265,Laura,Santiago,BSCE,1,Male
2026-3266,Cedric,Uy,BSCE,2,Female
2026-3267,Ana,Magtibay,BSCS,3,Other
2026-3268,Brenda,De Vera,BSCerE,4,Male
2026-3269,Orlando,Mendoza,BSChE,1,Female
2026-3270,George,Yason,BSCpE,2,Other
2026-3271,Brian,Calderon,BSECE,3,Male
2026-3272,Shiela,De Vera,BSEE,4,Female
2026-3273,Faye,Ong,BSEME,1,Other
2026-3274,Ariel,Nolasco,BSENTREP,2,Male
2026-3275,Bea,Tagle,BSEnE,3,Female
2026-3276,Ella,Del Rosario,BSIS,4,Other
2026-3277,Marnie,Jacinto,BSIT,1,Male
2026-3278,Monica,Enriquez,BSME,2,Female
2026-3279,George,Yabut,BSMEE,3,Other
2026-3280,Bea,Quinto,BSMetE,4,Male
2026-3281,Victor,Castillo,BSCE,1,Female
2026-3282,George,Inocencio,BSPhil,2,Other
2026-3283,Heidi,Del Rosario,BSPsych,3,Male
2026-3284,Ursula,Macaraeg,BA Fil,4,Female
2026-3285,Laura,Vargas,BA His,1,Other
2026-3286,Jasmine,Mercado,BA Pan,2,Male
2026-3287,Victor,Cruz,BA PoS,3,Female
2026-3288,Joy,Calderon,BA Psych,4,Other
2026-3289,Marnie,Roxas,BA Soc,1,Male
2026-3290,Kenneth,Neri,BAELS,2,Female
2026-3291,Cyrus,Reyes,BALCS,3,Other
2026-3292,Ella,Sanchez,BET-CET,4,Male
2026-3293,Aiden,Quisumbing,BET-ChET,1,Female
2026-3294,Shiela,Quijano,BET-EET,2,Other
2026-3295,Daphne,Paredes,BET-EST,3,Male
2026-3296,Clarisse,Vargas,BET-MET,4,Female
2026-3297,Nathan,Calderon,BET-MMT,1,Other
2026-3298,Nathan,Perez,BS Applied Physics,2,Male
2026-3299,Shiela,Benedicto,BS Bio-Animal Biology,3,Female
2026-3300,Cedric,Perez,BS Bio-Biodiversity,4,Other
2026-3301,Nina,Urbano,BS Bio-Microbiology,1,Male
2026-3302,Lina,Hidalgo,BS Bio-Plant Biology,2,Female
2026-3303,Dominic,Pascual,BS Chem,3,Other
2026-3304,Sofia,Tiongson,BS Econ,4,Male
2026-3305,Nina,Garcia,BS HM,1,Female
2026-3306,Tristan,Santos,BS IAM,2,Other
2026-3307,Nina,Lim,BS Mar,3,Male
2026-3308,Naomi,Mendoza,BS Math,4,Female
2026-3309,Jasmine,Hernando,BS Physics,1,Other
2026-3310,Lina,Flores,BS Stat,2,Male
2026-3311,Yana,Estrella,BSA,3,Female
2026-3312,Sofia,Kara,BSBA-BE,4,Other
2026-3313,Vera,Calixto,BSBA-MM,1,Male
2026-3314,Roderick,Mendoza,BSCE,2,Female
2026-3315,Hazel,Isidro,BSCE,3,Other
2026-3316,Valerie,Calixto,BSCS,4,Male
2026-3317,Clarisse,Nguyen,BSCerE,1,Female
2026-3318,Zachary,Hernando,BSChE,2,Other
2026-3319,Gavin,Hidalgo,BSCpE,3,Male
2026-3320,Paolo,David,BSECE,4,Female
2026-3321,Mila,Aguilar,BSEE,1,Other
2026-3322,Vera,Ortega,BSEME,2,Male
2026-3323,Bianca,Lacsamana,BSENTREP,3,Female
2026-3324,Giselle,Lopez,BSEnE,4,Other
2026-3325,Eric,Yap,BSIS,1,Male
2026-3326,Hannah,Ablaza,BSIT,2,Female
2026-3327,Ariana,Domingo,BSME,3,Other
2026-3328,Nathan,Aguilar,BSMEE,4,Male
2026-3329,Roderick,Quisumbing,BSMetE,1,Female
2026-3330,Jasmine,Sison,BSCE,2,Other
2026-3331,Quinn,Lim,BSPhil,3,Male
2026-3332,Yana,Espinosa,BSPsych,4,Female
2026-3333,Perry,Khan,BA Fil,1,Other
2026-3334,Roderick,Yap,BA His,2,Male
2026-3335,Ulysses,San Jose,BA Pan,3,Female
2026-3336,Rafael,Garcia,BA PoS,4,Other
2026-3337,Elias,Herrera,BA Psych,1,Male
2026-3338,Mila,Gatdula,BA Soc,2,Female
2026-3339,Wilma,Fuentes,BAELS,3,Other
2026-3340,Roderick,Quinto,BALCS,4,Male
2026-3341,Laura,Cruz,BET-CET,1,Female
2026-3342,Clara,Zamora,BET-ChET,2,Other
2026-3343,Nina,Cruz,BET-EET,3,Male
2026-3344,Ian,Ablaza,BET-EST,4,Female
2026-3345,Zachary,Aguilar,BET-MET,1,Other
2026-3346,Perry,Quinones,BET-MMT,2,Male
2026-3347,Isabella,Estrella,BS Applied Physics,3,Female
2026-3348,Grace,Javier,BS Bio-Animal Biology,4,Other
2026-3349,Faith,Flores,BS Bio-Biodiversity,1,Male
2026-3350,Orlando,Ortega,BS Bio-Microbiology,2,Female
2026-3351,Tobias,Nguyen,BS Bio-Plant Biology,3,Other
2026-3352,Jared,Yabut,BS Chem,4,Male
2026-3353,Ana,Pascual,BS Econ,1,Female
2026-3354,Ella,Aguilar,BS HM,2,Other
2026-3355,Celeste,Ferrer,BS IAM,3,Male
2026-3356,Ursula,Ocampo,BS Mar,4,Female
2026-3357,Ethan,Baldwin,BS Math,1,Other
2026-3358,Ariel,Dela Cruz,BS Physics,2,Male
2026-3359,Faye,Serrano,BS Stat,3,Female
2026-3360,Denise,Rivera,BSA,4,Other
2026-3361,Joshua,David,BSBA-BE,1,Male
2026-3362,Noah,Co,BSBA-MM,2,Female
2026-3363,Jose,Salazar,BSCE,3,Other
2026-3364,Bea,Hernando,BSCE,4,Male
2026-3365,Enzo,Navarro,BSCS,1,Female
2026-3366,Shiela,Tanada,BSCerE,2,Other
2026-3367,Tristan,Nguyen,BSChE,3,Male
2026-3368,Emilio,Herrera,BSCpE,4,Female
2026-3369,Wendy,Morales,BSECE,1,Other
2026-3370,Leah,Belen,BSEE,2,Male
2026-3371,Alyssa,Yason,BSEME,3,Female
2026-3372,Nicole,Del Rosario,BSENTREP,4,Other
2026-3373,Zoe,San Jose,BSEnE,1,Male
2026-3374,Ulysses,Villanueva,BSIS,2,Female
2026-3375,Hannah,Co,BSIT,3,Other
2026-3376,Eric,Gatchalian,BSME,4,Male
2026-3377,Nathan,Salvacion,BSMEE,1,Female
2026-3378,Orlando,Tanada,BSMetE,2,Other
2026-3379,Faye,Fernandez,BSCE,3,Male
2026-3380,Clara,Calderon,BSPhil,4,Female
2026-3381,Olivia,Hilario,BSPsych,1,Other
2026-3382,Nestor,Estrada,BA Fil,2,Male
2026-3383,Martin,Reyes,BA His,3,Female
2026-3384,Clarisse,Estrada,BA Pan,4,Other
2026-3385,Ethan,Umali,BA PoS,1,Male
2026-3386,Roderick,Rivera,BA Psych,2,Female
2026-3387,Tobias,Mercado,BA Soc,3,Other
2026-3388,Enzo,Velez,BAELS,4,Male
2026-3389,Ramon,Serrano,BALCS,1,Female
2026-3390,Gabriel,Manansala,BET-CET,2,Other
2026-3391,Hannah,Quijano,BET-ChET,3,Male
2026-3392,Grace,Enriquez,BET-EET,4,Female
2026-3393,Elias,Lorenzo,BET-EST,1,Other
2026-3394,Marnie,Mercado,BET-MET,2,Male
2026-3395,Daphne,Madrigal,BET-MMT,3,Female
2026-3396,Cedric,Santos,BS Applied Physics,4,Other
2026-3397,Ursula,Ong,BS Bio-Animal Biology,1,Male
2026-3398,Alyssa,Valdez,BS Bio-Biodiversity,2,Female
2026-3399,Isabella,Calixto,BS Bio-Microbiology,3,Other
2026-3400,Elena,Mendoza,BS Bio-Plant Biology,4,Male
2026-3401,Maya,Samson,BS Chem,1,Female
2026-3402,Faye,Madrigal,BS Econ,2,Other
2026-3403,Rita,Fuentes,BS HM,3,Male
2026-3404,Queenie,Torres,BS IAM,4,Female
2026-3405,Clarisse,Domingo,BS Mar,1,Other
2026-3406,Selena,Abad,BS Math,2,Male
2026-3407,Ophelia,Paredes,BS Physics,3,Female
2026-3408,Janice,Benedicto,BS Stat,4,Other
2026-3409,Christian,Lacsamana,BSA,1,Male
2026-3410,Ophelia,Valencia,BSBA-BE,2,Female
2026-3411,Grace,Manansala,BSBA-MM,3,Other
2026-3412,Juan,Belen,BSCE,4,Male
2026-3413,Clarisse,Mendoza,BSCE,1,Female
2026-3414,Valerie,San Jose,BSCS,2,Other
2026-3415,Dominic,Ferrer,BSCerE,3,Male
2026-3416,Nathan,Nguyen,BSChE,4,Female
2026-3417,Ryan,Valencia,BSCpE,1,Other
2026-3418,Mark,Quiambao,BSECE,2,Male
2026-3419,Orlando,Dela Cruz,BSEE,3,Female
2026-3420,Tobias,Delos Santos,BSEME,4,Other
2026-3421,Noah,Hidalgo,BSENTREP,1,Male
2026-3422,Ivan,Osorio,BSEnE,2,Female
2026-3423,Adrian,Natividad,BSIS,3,Other
2026-3424,Carmen,Belen,BSIT,4,Male
2026-3425,Shiela,Jalandoni,BSME,1,Female
2026-3426,Hannah,Velez,BSMEE,2,Other
2026-3427,Roderick,Vargas,BSMetE,3,Male
2026-3428,Ursula,Romero,BSCE,4,Female
2026-3429,Faith,Uy,BSPhil,1,Other
2026-3430,Finn,Robles,BSPsych,2,Male
2026-3431,Clarisse,Ferrer,BA Fil,3,Female
2026-3432,Ariana,Co,BA His,4,Other
2026-3433,Lina,Castillo,BA Pan,1,Male
2026-3434,Grace,Yap,BA PoS,2,Female
2026-3435,Mark,Ocampo,BA Psych,3,Other
2026-3436,Isabella,Ibrahim,BA Soc,4,Male
2026-3437,Heidi,Vargas,BAELS,1,Female
2026-3438,Ian,Gonzales,BALCS,2,Other
2026-3439,Lina,Ong,BET-CET,3,Male
2026-3440,Ophelia,Kasim,BET-ChET,4,Female
2026-3441,Brian,Salazar,BET-EET,1,Other
2026-3442,Ursula,Velez,BET-EST,2,Male
2026-3443,Juan,Wong,BET-MET,3,Female
2026-3444,Shiela,Del Rosario,BET-MMT,4,Other
2026-3445,Zachary,Abad,BS Applied Physics,1,Male
2026-3446,Xavier,Bautista,BS Bio-Animal Biology,2,Female
2026-3447,Bella,Khan,BS Bio-Biodiversity,3,Other
2026-3448,Leah,San Jose,BS Bio-Microbiology,4,Male
2026-3449,Ramon,Lacsamana,BS Bio-Plant Biology,1,Female
2026-3450,Faye,Salvacion,BS Chem,2,Other
2026-3451,Ethan,Magtibay,BS Econ,3,Male
2026-3452,Denise,Cabrera,BS HM,4,Female
2026-3453,Elias,Rosales,BS IAM,1,Other
2026-3454,Cedric,San Jose,BS Mar,2,Male
2026-3455,Denise,Kabiling,BS Math,3,Female
2026-3456,Paula,Morales,BS Physics,4,Other
2026-3457,Wendy,Co,BS Stat,1,Male
2026-3458,Ian,Ferrer,BSA,2,Female
2026-3459,Andrea,Calderon,BSBA-BE,3,Other
2026-3460,Daniel,Gatchalian,BSBA-MM,4,Male
2026-3461,Olivia,Yason,BSCE,1,Female
2026-3462,Enzo,Macaraeg,BSCE,2,Other
2026-3463,Maria,Yason,BSCS,3,Male
2026-3464,Jasmine,Madrigal,BSCerE,4,Female
2026-3465,Neil,Garcia,BSChE,1,Other
2026-3466,Valerie,Paredes,BSCpE,2,Male
2026-3467,Rita,Valencia,BSECE,3,Female
2026-3468,Tobias,Rosales,BSEE,4,Other
2026-3469,Mila,Quisumbing,BSEME,1,Male
2026-3470,Luis,Ferrer,BSENTREP,2,Female
2026-3471,Ivan,Castillo,BSEnE,3,Other
2026-3472,Selena,Kara,BSIS,4,Male
2026-3473,Vera,Tiongson,BSIT,1,Female
2026-3474,Nicole,Ortega,BSME,2,Other
2026-3475,Bella,Ibrahim,BSMEE,3,Male
2026-3476,Cyrus,Javier,BSMetE,4,Female
2026-3477,Naomi,Salazar,BSCE,1,Other
2026-3478,Daniel,Abad,BSPhil,2,Male
2026-3479,Joshua,Jalandoni,BSPsych,3,Female
2026-3480,Karl,Torres,BA Fil,4,Other
2026-3481,Perry,Pascual,BA His,1,Male
2026-3482,Aiden,Ortega,BA Pan,2,Female
2026-3483,Valerie,Inocencio,BA PoS,3,Other
2026-3484,Vera,Lacsamana,BA Psych,4,Male
2026-3485,Enzo,Estrella,BA Soc,1,Female
2026-3486,Arman,Hidalgo,BAELS,2,Other
2026-3487,George,Quisumbing,BALCS,3,Male
2026-3488,Ivan,Yabut,BET-CET,4,Female
2026-3489,Naomi,Calderon,BET-ChET,1,Other
2026-3490,Ariel,Morales,BET-EET,2,Male
2026-3491,Paula,Natividad,BET-EST,3,Female
2026-3492,Lina,Abad,BET-MET,4,Other
2026-3493,Mark,Soriano,BET-MMT,1,Male
2026-3494,Denise,Tagle,BS Applied Physics,2,Female
2026-3495,Clara,Tagle,BS Bio-Animal Biology,3,Other
2026-3496,Zion,Calderon,BS Bio-Biodiversity,4,Male
2026-3497,Ophelia,Castillo,BS Bio-Microbiology,1,Female
2026-3498,Paolo,Flores,BS Bio-Plant Biology,2,Other
2026-3499,Paula,Wong,BS Chem,3,Male
2026-3500,Ryan,Calderon,BS Econ,4,Female
2026-3501,Ariana,Velasco,BS HM,1,Other
2026-3502,Perry,San Jose,BS IAM,2,Male
2026-3503,Nina,Javier,BS Mar,3,Female
2026-3504,Shiela,Ibrahim,BS Math,4,Other
2026-3505,Kevin,Diaz,BS Physics,1,Male
2026-3506,Faye,Ramos,BS Stat,2,Female
2026-3507,Gavin,Yason,BSA,3,Other
2026-3508,Gabriel,Magtibay,BSBA-BE,4,Male
2026-3509,Patricia,Estrella,BSBA-MM,1,Female
2026-3510,Paula,Del Rosario,BSCE,2,Other
2026-3511,Giselle,Enriquez,BSCE,3,Male
2026-3512,Tobias,Bautista,BSCS,4,Female
2026-3513,Rita,Castillo,BSCerE,1,Other
2026-3514,Clarisse,Aquino,BSChE,2,Male
2026-3515,Ariana,Navarro,BSCpE,3,Female
2026-3516,Rafael,Lorenzo,BSECE,4,Other
2026-3517,Sofia,Umali,BSEE,1,Male
2026-3518,Isagani,Mercado,BSEME,2,Female
2026-3519,Ella,Dizon,BSENTREP,3,Other
2026-3520,Grace,Khan,BSEnE,4,Male
2026-3521,Kevin,Cayetano,BSIS,1,Female
2026-3522,Nathan,De Vera,BSIT,2,Other
2026-3523,Quinn,Villanueva,BSME,3,Male
2026-3524,Gabriel,Herrera,BSMEE,4,Female
2026-3525,Elena,Isidro,BSMetE,1,Other
2026-3526,Celeste,Pineda,BSCE,2,Male
2026-3527,Ramon,Jalandoni,BSPhil,3,Female
2026-3528,Ivan,Dela Cruz,BSPsych,4,Other
2026-3529,Janice,Tiongson,BA Fil,1,Male
2026-3530,Sebastian,Osorio,BA His,2,Female
2026-3531,Lina,Hernandez,BA Pan,3,Other
2026-3532,Karl,Aquino,BA PoS,4,Male
2026-3533,Bianca,Ilagan,BA Psych,1,Female
2026-3534,Ulysses,Domingo,BA Soc,2,Other
2026-3535,Nina,Osorio,BAELS,3,Male
2026-3536,Nestor,Robles,BALCS,4,Female
2026-3537,Lourdes,Flores,BET-CET,1,Other
2026-3538,Valerie,Tiongson,BET-ChET,2,Male
2026-3539,Clarisse,Dela Cruz,BET-EET,3,Female
2026-3540,Enzo,Fernandez,BET-EST,4,Other
2026-3541,Bea,Salvacion,BET-MET,1,Male
2026-3542,Rafael,Calderon,BET-MMT,2,Female
2026-3543,Zachary,Quinto,BS Applied Physics,3,Other
2026-3544,Wendy,Nolasco,BS Bio-Animal Biology,4,Male
2026-3545,Ariana,Ledesma,BS Bio-Biodiversity,1,Female
2026-3546,Shiela,Luna,BS Bio-Microbiology,2,Other
2026-3547,Mila,Bautista,BS Bio-Plant Biology,3,Male
2026-3548,Diana,Velasco,BS Chem,4,Female
2026-3549,Selena,Quinto,BS Econ,1,Other
2026-3550,Jared,De Leon,BS HM,2,Male
2026-3551,Sebastian,Lorenzo,BS IAM,3,Female
2026-3552,Hannah,Umali,BS Mar,4,Other
2026-3553,Ryan,Garcia,BS Math,1,Male
2026-3554,Ana,Vargas,BS Physics,2,Female
2026-3555,Ethan,Gatdula,BS Stat,3,Other
2026-3556,Juan,Cayetano,BSA,4,Male
2026-3557,Mark,Luna,BSBA-BE,1,Female
2026-3558,Shiela,Macaraeg,BSBA-MM,2,Other
2026-3559,Brenda,Mercado,BSCE,3,Male
2026-3560,Laura,Paredes,BSCE,4,Female
2026-3561,Janice,Estrada,BSCS,1,Other
2026-3562,Lara,De Leon,BSCerE,2,Male
2026-3563,Isagani,Khan,BSChE,3,Female
2026-3564,Dylan,Nolasco,BSCpE,4,Other
2026-3565,Selena,Macaraeg,BSECE,1,Male
2026-3566,Liam,Zamora,BSEE,2,Female
2026-3567,Clara,Alvarez,BSEME,3,Other
2026-3568,Paula,Quiambao,BSENTREP,4,Male
2026-3569,Tobias,Umali,BSEnE,1,Female
2026-3570,Liam,Magtibay,BSIS,2,Other
2026-3571,Miguel,Macaraeg,BSIT,3,Male
2026-3572,Celeste,Lacsamana,BSME,4,Female
2026-3573,Vera,Salazar,BSMEE,1,Other
2026-3574,Laura,Inocencio,BSMetE,2,Male
2026-3575,Faith,Delos Santos,BSCE,3,Female
2026-3576,Martin,Khan,BSPhil,4,Other
2026-3577,Roderick,Ablaza,BSPsych,1,Male
2026-3578,Nathan,Javier,BA Fil,2,Female
2026-3579,Althea,Morales,BA His,3,Other
2026-3580,Laura,Diaz,BA Pan,4,Male
2026-3581,Faith,Isidro,BA PoS,1,Female
2026-3582,Tessa,Manalo,BA Psych,2,Other
2026-3583,Diana,Belen,BA Soc,3,Male
2026-3584,Elena,Yabut,BAELS,4,Female
2026-3585,Quinn,Ocampo,BALCS,1,Other
2026-3586,Ella,Belen,BET-CET,2,Male
2026-3587,Wilma,Garcia,BET-ChET,3,Female
2026-3588,Clara,Bernardo,BET-EET,4,Other
2026-3589,Christian,Ramos,BET-EST,1,Male
2026-3590,Alyssa,Hernando,BET-MET,2,Female
2026-3591,Ariel,Cayetano,BET-MMT,3,Other
2026-3592,Shiela,Morales,BS Applied Physics,4,Male
2026-3593,Paula,Tiongson,BS Bio-Animal Biology,1,Female
2026-3594,Yvette,Rivera,BS Bio-Biodiversity,2,Other
2026-3595,Brian,Ortega,BS Bio-Microbiology,3,Male
2026-3596,Jasmine,Cabrera,BS Bio-Plant Biology,4,Female
2026-3597,Denise,Quisumbing,BS Chem,1,Other
2026-3598,Finn,Gatchalian,BS Econ,2,Male
2026-3599,Nina,Abad,BS HM,3,Female
2026-3600,Ryan,Cayetano,BS IAM,4,Other
2026-3601,Isabella,Nolasco,BS Mar,1,Male
2026-3602,Lourdes,Sanchez,BS Math,2,Female
2026-3603,Quinn,Enriquez,BS Physics,3,Other
2026-3604,Bea,Sanchez,BS Stat,4,Male
2026-3605,Zachary,Soriano,BSA,1,Female
2026-3606,Luis,Abad,BSBA-BE,2,Other
2026-3607,Carlo,Ocampo,BSBA-MM,3,Male
2026-3608,Victor,Jalandoni,BSCE,4,Female
2026-3609,Nathan,Ortega,BSCE,1,Other
2026-3610,Victor,Hernando,BSCS,2,Male
2026-3611,Dominic,Khan,BSCerE,3,Female
2026-3612,Irene,Navarro,BSChE,4,Other
2026-3613,Martin,Fuentes,BSCpE,1,Male
2026-3614,Bianca,Macaraeg,BSECE,2,Female
2026-3615,Ethan,Del Rosario,BSEE,3,Other
2026-3616,Mark,Belen,BSEME,4,Male
2026-3617,Victor,David,BSENTREP,1,Female
2026-3618,Elias,Ramos,BSEnE,2,Other
2026-3619,Cedric,Ibrahim,BSIS,3,Male
2026-3620,Nicole,Roxas,BSIT,4,Female
2026-3621,Clarisse,Dizon,BSME,1,Other
2026-3622,Hector,Benedicto,BSMEE,2,Male
2026-3623,Brenda,Soriano,BSMetE,3,Female
2026-3624,Jasmine,Ortega,BSCE,4,Other
2026-3625,Denise,Lorenzo,BSPhil,1,Male
2026-3626,Zion,Flores,BSPsych,2,Female
2026-3627,Ana,Gatchalian,BA Fil,3,Other
2026-3628,Diana,Manansala,BA His,4,Male
2026-3629,Isabella,Ferrer,BA Pan,1,Female
2026-3630,Ella,Salvacion,BA PoS,2,Other
2026-3631,Brian,Hernando,BA Psych,3,Male
2026-3632,Dominic,Alvarez,BA Soc,4,Female
2026-3633,Gavin,Umali,BAELS,1,Other
2026-3634,Paolo,Ablaza,BALCS,2,Male
2026-3635,Enzo,Robles,BET-CET,3,Female
2026-3636,Ariel,Ferrer,BET-ChET,4,Other
2026-3637,Isabella,Dizon,BET-EET,1,Male
2026-3638,Wendy,Reyes,BET-EST,2,Female
2026-3639,Victor,Urbano,BET-MET,3,Other
2026-3640,Jared,Vargas,BET-MMT,4,Male
2026-3641,Karl,Tiongson,BS Applied Physics,1,Female
2026-3642,Emilio,Espinosa,BS Bio-Animal Biology,2,Other
2026-3643,Naomi,Lim,BS Bio-Biodiversity,3,Male
2026-3644,Cedric,Magtibay,BS Bio-Microbiology,4,Female
2026-3645,Christian,Quijano,BS Bio-Plant Biology,1,Other
2026-3646,Orlando,Manansala,BS Chem,2,Male
2026-3647,Kenneth,Fuentes,BS Econ,3,Female
2026-3648,Vincent,Belen,BS HM,4,Other
2026-3649,Simon,Estrella,BS IAM,1,Male
2026-3650,Rita,Navarro,BS Mar,2,Female
2026-3651,Isabella,Jalandoni,BS Math,3,Other
2026-3652,Naomi,Ortega,BS Physics,4,Male
2026-3653,Ethan,Santiago,BS Stat,1,Female
2026-3654,Brenda,Vargas,BSA,2,Other
2026-3655,Ana,Bermudez,BSBA-BE,3,Male
2026-3656,Bea,Hilario,BSBA-MM,4,Female
2026-3657,Zachary,Castillo,BSCE,1,Other
2026-3658,Ana,Yason,BSCE,2,Male
2026-3659,Tristan,Yason,BSCS,3,Female
2026-3660,Elias,De Vera,BSCerE,4,Other
2026-3661,Aiden,Isidro,BSChE,1,Male
2026-3662,Kenneth,Valencia,BSCpE,2,Female
2026-3663,Clarisse,Wong,BSECE,3,Other
2026-3664,Lara,Aquino,BSEE,4,Male
2026-3665,Tristan,Roxas,BSEME,1,Female
2026-3666,Miguel,Magtibay,BSENTREP,2,Other
2026-3667,Nicole,Gatchalian,BSEnE,3,Male
2026-3668,Monica,Kara,BSIS,4,Female
2026-3669,Ulysses,Valencia,BSIT,1,Other
2026-3670,Emilio,Gatchalian,BSME,2,Male
2026-3671,Ella,Cruz,BSMEE,3,Female
2026-3672,Adrian,Umali,BSMetE,4,Other
2026-3673,Joshua,Joaquin,BSCE,1,Male
2026-3674,Andrea,Ortega,BSPhil,2,Female
2026-3675,Celeste,Rosales,BSPsych,3,Other
2026-3676,Wilma,Ong,BA Fil,4,Male
2026-3677,Dylan,Vargas,BA His,1,Female
2026-3678,Ariel,Salvacion,BA Pan,2,Other
2026-3679,Isabella,Zulueta,BA PoS,3,Male
2026-3680,Daniel,Calixto,BA Psych,4,Female
2026-3681,Miguel,Ilagan,BA Soc,1,Other
2026-3682,Yvonne,Gutierrez,BAELS,2,Male
2026-3683,Ophelia,Fernandez,BALCS,3,Female
2026-3684,Quinn,Reyes,BET-CET,4,Other
2026-3685,Yvonne,Khan,BET-ChET,1,Male
2026-3686,Karl,De Vera,BET-EET,2,Female
2026-3687,Patricia,Uy,BET-EST,3,Other
2026-3688,Cedric,Ledesma,BET-MET,4,Male
2026-3689,Paolo,Salazar,BET-MMT,1,Female
2026-3690,Althea,Ramos,BS Applied Physics,2,Other
2026-3691,Jose,Joaquin,BS Bio-Animal Biology,3,Male
2026-3692,Leo,Isidro,BS Bio-Biodiversity,4,Female
2026-3693,Queenie,Salazar,BS Bio-Microbiology,1,Other
2026-3694,Ivan,Quinto,BS Bio-Plant Biology,2,Male
2026-3695,Gavin,Bernardo,BS Chem,3,Female
2026-3696,Christian,Santiago,BS Econ,4,Other
2026-3697,Jared,David,BS HM,1,Male
2026-3698,Adrian,Pineda,BS IAM,2,Female
2026-3699,Ulysses,Quisumbing,BS Mar,3,Other
2026-3700,Tristan,Aguilar,BS Math,4,Male
2026-3701,Juan,Natividad,BS Physics,1,Female
2026-3702,Aiden,Garcia,BS Stat,2,Other
2026-3703,Martin,Wong,BSA,3,Male
2026-3704,Gabriel,Lacsamana,BSBA-BE,4,Female
2026-3705,Ethan,Isidro,BSBA-MM,1,Other
2026-3706,Wesley,Manansala,BSCE,2,Male
2026-3707,Jasmine,Macaraeg,BSCE,3,Female
2026-3708,Quinn,Velasco,BSCS,4,Other
2026-3709,Joshua,Velez,BSCerE,1,Male
2026-3710,Kevin,Salazar,BSChE,2,Female
2026-3711,Wesley,Jacinto,BSCpE,3,Other
2026-3712,Ophelia,Valdez,BSECE,4,Male
2026-3713,Roderick,Gonzales,BSEE,1,Female
2026-3714,Elias,Yabut,BSEME,2,Other
2026-3715,Carmen,Luna,BSENTREP,3,Male
2026-3716,Patricia,Quisumbing,BSEnE,4,Female
2026-3717,Frances,Kasim,BSIS,1,Other
2026-3718,Bella,Ledesma,BSIT,2,Male
2026-3719,Elena,Jalandoni,BSME,3,Female
2026-3720,Nina,Ilagan,BSMEE,4,Other
2026-3721,Aiden,Abad,BSMetE,1,Male
2026-3722,Elias,Calderon,BSCE,2,Female
2026-3723,Katherine,Tagle,BSPhil,3,Other
2026-3724,Tristan,Villanueva,BSPsych,4,Male
2026-3725,Christian,Isidro,BA Fil,1,Female
2026-3726,Celeste,De Leon,BA His,2,Other
2026-3727,George,Mendoza,BA Pan,3,Male
2026-3728,Olivia,Umali,BA PoS,4,Female
2026-3729,Frances,Velasco,BA Psych,1,Other
2026-3730,Faye,Razon,BA Soc,2,Male
2026-3731,Hazel,Castillo,BAELS,3,Female
2026-3732,Ethan,Torres,BALCS,4,Other
2026-3733,Selena,Razon,BET-CET,1,Male
2026-3734,Brian,Benedicto,BET-ChET,2,Female
2026-3735,Ana,Reyes,BET-EET,3,Other
2026-3736,Tobias,De Vera,BET-EST,4,Male
2026-3737,Ella,Reyes,BET-MET,1,Female
2026-3738,Mark,San Jose,BET-MMT,2,Other
2026-3739,Ivan,San Jose,BS Applied Physics,3,Male
2026-3740,Leah,Nguyen,BS Bio-Animal Biology,4,Female
2026-3741,Adrian,Salvacion,BS Bio-Biodiversity,1,Other
2026-3742,Naomi,De Leon,BS Bio-Microbiology,2,Male
2026-3743,Celeste,Fernandez,BS Bio-Plant Biology,3,Female
2026-3744,Vincent,De Leon,BS Chem,4,Other
2026-3745,Hector,Hilario,BS Econ,1,Male
2026-3746,Ophelia,Ilagan,BS HM,2,Female
2026-3747,Ursula,Castillo,BS IAM,3,Other
2026-3748,Zion,Kasim,BS Mar,4,Male
2026-3749,Denise,Morales,BS Math,1,Female
2026-3750,Jared,Navarro,BS Physics,2,Other
2026-3751,Uriel,David,BS Stat,3,Male
2026-3752,Noah,Umali,BSA,4,Female
2026-3753,Eric,Tiongson,BSBA-BE,1,Other
2026-3754,Hazel,Estrada,BSBA-MM,2,Male
2026-3755,Naomi,Lopez,BSCE,3,Female
2026-3756,Vera,De Vera,BSCE,4,Other
2026-3757,Elena,Del Rosario,BSCS,1,Male
2026-3758,Heidi,Cabrera,BSCerE,2,Female
2026-3759,Bianca,Romero,BSChE,3,Other
2026-3760,Sofia,Salazar,BSCpE,4,Male
2026-3761,Lina,Pineda,BSECE,1,Female
2026-3762,Ian,Valdez,BSEE,2,Other
2026-3763,Gavin,Flores,BSEME,3,Male
2026-3764,Tobias,Javier,BSENTREP,4,Female
2026-3765,Ariel,Calixto,BSEnE,1,Other
2026-3766,Clarisse,Madrigal,BSIS,2,Male
2026-3767,Eric,Lopez,BSIT,3,Female
2026-3768,Christian,Macaraeg,BSME,4,Other
2026-3769,Isabella,David,BSMEE,1,Male
2026-3770,Carlo,Cruz,BSMetE,2,Female
2026-3771,Maria,Estrella,BSCE,3,Other
2026-3772,Vera,Ledesma,BSPhil,4,Male
2026-3773,Naomi,Delos Santos,BSPsych,1,Female
2026-3774,Selena,Nolasco,BA Fil,2,Other
2026-3775,Ella,David,BA His,3,Male
2026-3776,Christian,Calderon,BA Pan,4,Female
2026-3777,Monica,Quinones,BA PoS,1,Other
2026-3778,Samuel,Lim,BA Psych,2,Male
2026-3779,Katherine,Yabut,BA Soc,3,Female
2026-3780,Isagani,Enriquez,BAELS,4,Other
2026-3781,Liam,San Jose,BALCS,1,Male
2026-3782,Bella,Garcia,BET-CET,2,Female
2026-3783,Aiden,Bernardo,BET-ChET,3,Other
2026-3784,Ryan,Estrella,BET-EET,4,Male
2026-3785,Diana,Quisumbing,BET-EST,1,Female
2026-3786,Hazel,Kara,BET-MET,2,Other
2026-3787,Faith,Panganiban,BET-MMT,3,Male
2026-3788,Olivia,Aguilar,BS Applied Physics,4,Female
2026-3789,Mia,Ibrahim,BS Bio-Animal Biology,1,Other
2026-3790,Yvonne,Belen,BS Bio-Biodiversity,2,Male
2026-3791,Janice,Belen,BS Bio-Microbiology,3,Female
2026-3792,Leah,Osorio,BS Bio-Plant Biology,4,Other
2026-3793,Katherine,Uy,BS Chem,1,Male
2026-3794,Victor,Gutierrez,BS Econ,2,Female
2026-3795,Althea,Uy,BS HM,3,Other
2026-3796,Ramon,Baldwin,BS IAM,4,Male
2026-3797,Victor,Enriquez,BS Mar,1,Female
2026-3798,Yvonne,Jacinto,BS Math,2,Other
2026-3799,Ophelia,Pineda,BS Physics,3,Male
2026-3800,Lina,Zamora,BS Stat,4,Female
2026-3801,Wendy,Rivera,BSA,1,Other
2026-3802,Samuel,Rosales,BSBA-BE,2,Male
2026-3803,Valerie,Madrigal,BSBA-MM,3,Female
2026-3804,Yvonne,Kara,BSCE,4,Other
2026-3805,Nathan,Valdez,BSCE,1,Male
2026-3806,Maya,Garcia,BSCS,2,Female
2026-3807,Heidi,Bermudez,BSCerE,3,Other
2026-3808,Dominic,Lopez,BSChE,4,Male
2026-3809,Bella,Ocampo,BSCpE,1,Female
2026-3810,Heidi,Lim,BSECE,2,Other
2026-3811,Irene,Zulueta,BSEE,3,Male
2026-3812,Perry,Jacinto,BSEME,4,Female
2026-3813,Yvette,Del Rosario,BSENTREP,1,Other
2026-3814,Celeste,Panganiban,BSEnE,2,Male
2026-3815,Naomi,Lacsamana,BSIS,3,Female
2026-3816,Isagani,Dizon,BSIT,4,Other
2026-3817,Queenie,Quinones,BSME,1,Male
2026-3818,Faith,Roxas,BSMEE,2,Female
2026-3819,Liam,Paredes,BSMetE,3,Other
2026-3820,Zion,Lacsamana,BSCE,4,Male
2026-3821,Aiden,Gutierrez,BSPhil,1,Female
2026-3822,Bea,Dela Cruz,BSPsych,2,Other
2026-3823,Heidi,Estrella,BA Fil,3,Male
2026-3824,Nathan,Nolasco,BA His,4,Female
2026-3825,Victor,Dela Cruz,BA Pan,1,Other
2026-3826,Vincent,Ablaza,BA PoS,2,Male
2026-3827,Yana,Garcia,BA Psych,3,Female
2026-3828,Leo,Enriquez,BA Soc,4,Other
2026-3829,Yana,Alvarez,BAELS,1,Male
2026-3830,Carmen,Torres,BALCS,2,Female
2026-3831,Brenda,Javier,BET-CET,3,Other
2026-3832,Wendy,Samson,BET-ChET,4,Male
2026-3833,Leo,Velasco,BET-EET,1,Female
2026-3834,Vera,Hernando,BET-EST,2,Other
2026-3835,Jasmine,Bernardo,BET-MET,3,Male
2026-3836,Wendy,Torres,BET-MMT,4,Female
2026-3837,Laura,Reyes,BS Applied Physics,1,Other
2026-3838,Roderick,Jacinto,BS Bio-Animal Biology,2,Male
2026-3839,Heidi,Navarro,BS Bio-Biodiversity,3,Female
2026-3840,Nathan,Joaquin,BS Bio-Microbiology,4,Other
2026-3841,Maria,Hilario,BS Bio-Plant Biology,1,Male
2026-3842,Cyrus,Lorenzo,BS Chem,2,Female
2026-3843,Ursula,Del Rosario,BS Econ,3,Other
2026-3844,Ella,Dela Cruz,BS HM,4,Male
2026-3845,Joy,Reyes,BS IAM,1,Female
2026-3846,Zion,Pascual,BS Mar,2,Other
2026-3847,Katherine,Cruz,BS Math,3,Male
2026-3848,Kenneth,Kasim,BS Physics,4,Female
2026-3849,Wesley,Nolasco,BS Stat,1,Other
2026-3850,Jared,Hilario,BSA,2,Male
2026-3851,Ana,Herrera,BSBA-BE,3,Female
2026-3852,Irene,Nguyen,BSBA-MM,4,Other
2026-3853,Samuel,Hidalgo,BSCE,1,Male
2026-3854,Faye,Yap,BSCE,2,Female
2026-3855,Yana,Calixto,BSCS,3,Other
2026-3856,Giselle,Kabiling,BSCerE,4,Male
2026-3857,George,Samson,BSChE,1,Female
2026-3858,Mila,Lacsamana,BSCpE,2,Other
2026-3859,Wendy,David,BSECE,3,Male
2026-3860,Tobias,Abad,BSEE,4,Female
2026-3861,Ramon,Lopez,BSEME,1,Other
2026-3862,Cyrus,Jalandoni,BSENTREP,2,Male
2026-3863,Karl,Delos Santos,BSEnE,3,Female
2026-3864,Bea,Guevara,BSIS,4,Other
2026-3865,Patricia,Manansala,BSIT,1,Male
2026-3866,Zion,Villanueva,BSME,2,Female
2026-3867,Leah,Ilagan,BSMEE,3,Other
2026-3868,Elias,Padilla,BSMetE,4,Male
2026-3869,Sofia,Gonzales,BSCE,1,Female
2026-3870,Juan,De Vera,BSPhil,2,Other
2026-3871,Naomi,Diaz,BSPsych,3,Male
2026-3872,Nestor,Quijano,BA Fil,4,Female
2026-3873,Ryan,Abad,BA His,1,Other
2026-3874,Victor,Pascual,BA Pan,2,Male
2026-3875,Xavier,Salazar,BA PoS,3,Female
2026-3876,Bella,Yap,BA Psych,4,Other
2026-3877,Kevin,Javier,BA Soc,1,Male
2026-3878,Lara,Padilla,BAELS,2,Female
2026-3879,Vera,Panganiban,BALCS,3,Other
2026-3880,Ophelia,Bermudez,BET-CET,4,Male
2026-3881,Lara,Lorenzo,BET-ChET,1,Female
2026-3882,Janice,Vargas,BET-EET,2,Other
2026-3883,Naomi,Bautista,BET-EST,3,Male
2026-3884,Mia,Quinones,BET-MET,4,Female
2026-3885,Bea,Panganiban,BET-MMT,1,Other
2026-3886,Lourdes,Ilagan,BS Applied Physics,2,Male
2026-3887,Clarisse,Belen,BS Bio-Animal Biology,3,Female
2026-3888,Perry,Uy,BS Bio-Biodiversity,4,Other
2026-3889,Paolo,Dizon,BS Bio-Microbiology,1,Male
2026-3890,Katherine,Calderon,BS Bio-Plant Biology,2,Female
2026-3891,Diana,Urbano,BS Chem,3,Other
2026-3892,Neil,Estrada,BS Econ,4,Male
2026-3893,Joshua,Hernandez,BS HM,1,Female
2026-3894,Eric,Ibrahim,BS IAM,2,Other
2026-3895,Tessa,Sison,BS Mar,3,Male
2026-3896,Leah,Tiongson,BS Math,4,Female
2026-3897,Yvette,Gonzales,BS Physics,1,Other
2026-3898,Marnie,Magtibay,BS Stat,2,Male
2026-3899,Nina,De Vera,BSA,3,Female
2026-3900,Xavier,Urbano,BSBA-BE,4,Other
2026-3901,Brenda,Tan,BSBA-MM,1,Male
2026-3902,Diana,Robles,BSCE,2,Female
2026-3903,Mark,Osorio,BSCE,3,Other
2026-3904,Selena,Mendoza,BSCS,4,Male
2026-3905,Arman,Razon,BSCerE,1,Female
2026-3906,Hazel,Estrella,BSChE,2,Other
2026-3907,Queenie,Ramos,BSCpE,3,Male
2026-3908,Yvonne,Ilagan,BSECE,4,Female
2026-3909,Orlando,Natividad,BSEE,1,Other
2026-3910,Cedric,Lorenzo,BSEME,2,Male
2026-3911,Jose,Aquino,BSENTREP,3,Female
2026-3912,Carlo,Jacinto,BSEnE,4,Other
2026-3913,Yana,Jalandoni,BSIS,1,Male
2026-3914,Enzo,Quinto,BSIT,2,Female
2026-3915,Olivia,David,BSME,3,Other
2026-3916,Olivia,Hernandez,BSMEE,4,Male
2026-3917,Noah,Nguyen,BSMetE,1,Female
2026-3918,Brenda,Quijano,BSCE,2,Other
2026-3919,Bianca,Joaquin,BSPhil,3,Male
2026-3920,Ariana,Castillo,BSPsych,4,Female
2026-3921,Nina,Navarro,BA Fil,1,Other
2026-3922,Xavier,Khan,BA His,2,Male
2026-3923,Paolo,Santiago,BA Pan,3,Female
2026-3924,Dominic,Villanueva,BA PoS,4,Other
2026-3925,Ariel,Reyes,BA Psych,1,Male
2026-3926,Nina,Macaraeg,BA Soc,2,Female
2026-3927,Patrick,Del Rosario,BAELS,3,Other
2026-3928,Zachary,Ong,BALCS,4,Male
2026-3929,Elena,Fernandez,BET-CET,1,Female
2026-3930,Vera,Roxas,BET-ChET,2,Other
2026-3931,Hannah,Benedicto,BET-EET,3,Male
2026-3932,Wendy,Salazar,BET-EST,4,Female
2026-3933,Ophelia,Luna,BET-MET,1,Other
2026-3934,Vera,Khan,BET-MMT,2,Male
2026-3935,Maya,Cabrera,BS Applied Physics,3,Female
2026-3936,Mila,Zamora,BS Bio-Animal Biology,4,Other
2026-3937,Lourdes,Ablaza,BS Bio-Biodiversity,1,Male
2026-3938,Sebastian,Panganiban,BS Bio-Microbiology,2,Female
2026-3939,Althea,Samson,BS Bio-Plant Biology,3,Other
2026-3940,Ophelia,Perez,BS Chem,4,Male
2026-3941,Isagani,Castillo,BS Econ,1,Female
2026-3942,Zoe,Benedicto,BS HM,2,Other
2026-3943,Emilio,Gatdula,BS IAM,3,Male
2026-3944,Hazel,Aguilar,BS Mar,4,Female
2026-3945,Faye,San Jose,BS Math,1,Other
2026-3946,Monica,Co,BS Physics,2,Male
2026-3947,Maria,Serrano,BS Stat,3,Female
2026-3948,Heidi,Quinto,BSA,4,Other
2026-3949,Wendy,Valencia,BSBA-BE,1,Male
2026-3950,Jose,Fernandez,BSBA-MM,2,Female
2026-3951,Miguel,Tiongson,BSCE,3,Other
2026-3952,Ophelia,De Leon,BSCE,4,Male
2026-3953,Wendy,Serrano,BSCS,1,Female
2026-3954,Hannah,Cayetano,BSCerE,2,Other
2026-3955,Althea,Robles,BSChE,3,Male
2026-3956,Nina,Joaquin,BSCpE,4,Female
2026-3957,Leo,Yason,BSECE,1,Other
2026-3958,Angela,Umali,BSEE,2,Male
2026-3959,Simon,Co,BSEME,3,Female
2026-3960,Clarisse,Gatdula,BSENTREP,4,Other
2026-3961,Quinn,Ortega,BSEnE,1,Male
2026-3962,Mila,Bernardo,BSIS,2,Female
2026-3963,Elena,Gatdula,BSIT,3,Other
2026-3964,Paula,Zamora,BSME,4,Male
2026-3965,Maria,Cruz,BSMEE,1,Female
2026-3966,Shiela,Nguyen,BSMetE,2,Other
2026-3967,Maria,Cabrera,BSCE,3,Male
2026-3968,Denise,Soriano,BSPhil,4,Female
2026-3969,Laura,Kasim,BSPsych,1,Other
2026-3970,Mark,Hilario,BA Fil,2,Male
2026-3971,Maria,Wong,BA His,3,Female
2026-3972,Rafael,Benedicto,BA Pan,4,Other
2026-3973,Grace,Umali,BA PoS,1,Male
2026-3974,Leo,Quinones,BA Psych,2,Female
2026-3975,Daniel,Vargas,BA Soc,3,Other
2026-3976,Aiden,Calderon,BAELS,4,Male
2026-3977,Faye,Tiongson,BALCS,1,Female
2026-3978,Ethan,Luna,BET-CET,2,Other
2026-3979,Elena,Calixto,BET-ChET,3,Male
2026-3980,Mark,Velasco,BET-EET,4,Female
2026-3981,Giselle,Pineda,BET-EST,1,Other
2026-3982,Tristan,Zamora,BET-MET,2,Male
2026-3983,Clara,Quiambao,BET-MMT,3,Female
2026-3984,Yvette,Joaquin,BS Applied Physics,4,Other
2026-3985,Kenneth,Cruz,BS Bio-Animal Biology,1,Male
2026-3986,Mila,Flores,BS Bio-Biodiversity,2,Female
2026-3987,Celeste,Del Rosario,BS Bio-Microbiology,3,Other
2026-3988,Brenda,Delos Santos,BS Bio-Plant Biology,4,Male
2026-3989,Ariana,Aguilar,BS Chem,1,Female
2026-3990,Zoe,Quisumbing,BS Econ,2,Other
2026-3991,Aiden,Santiago,BS HM,3,Male
2026-3992,Simon,Valdez,BS IAM,4,Female
2026-3993,Brian,Perez,BS Mar,1,Other
2026-3994,Tessa,Bautista,BS Math,2,Male
2026-3995,Bianca,Dizon,BS Physics,3,Female
2026-3996,Cyrus,Del Rosario,BS Stat,4,Other
2026-3997,Shiela,Gatdula,BSA,1,Male
2026-3998,Miguel,Belen,BSBA-BE,2,Female
2026-3999,Clara,Hilario,BSBA-MM,3,Other
2026-4000,Gavin,Zulueta,BSCE,4,Male
2026-4001,Ariel,Bernardo,BSCE,1,Female
2026-4002,Queenie,Perez,BSCS,2,Other
2026-4003,Olivia,Diaz,BSCerE,3,Male
2026-4004,Juan,Aguilar,BSChE,4,Female
2026-4005,Wilma,Kasim,BSCpE,1,Other
2026-4006,Simon,Aguilar,BSECE,2,Male
2026-4007,Althea,Ferrer,BSEE,3,Female
2026-4008,Ian,Ilagan,BSEME,4,Other
2026-4009,Leah,Co,BSENTREP,1,Male
2026-4010,Mark,Jacinto,BSEnE,2,Female
2026-4011,Joshua,Domingo,BSIS,3,Other
2026-4012,Cedric,Cabrera,BSIT,4,Male
2026-4013,Isagani,Calderon,BSME,1,Female
2026-4014,Nicole,Ilagan,BSMEE,2,Other
2026-4015,Adrian,Madrigal,BSMetE,3,Male
2026-4016,Dominic,Pineda,BSCE,4,Female
2026-4017,Heidi,Domingo,BSPhil,1,Other
2026-4018,Dylan,Madrigal,BSPsych,2,Male
2026-4019,Samuel,Navarro,BA Fil,3,Female
2026-4020,Quinn,Herrera,BA His,4,Other
2026-4021,Bella,Zamora,BA Pan,1,Male
2026-4022,Rita,Paredes,BA PoS,2,Female
2026-4023,Ulysses,Garcia,BA Psych,3,Other
2026-4024,Jared,Zulueta,BA Soc,4,Male
2026-4025,Carlo,Navarro,BAELS,1,Female
2026-4026,Brian,Jacinto,BALCS,2,Other
2026-4027,Nicole,Jalandoni,BET-CET,3,Male
2026-4028,Elena,David,BET-ChET,4,Female
2026-4029,Elena,Gatchalian,BET-EET,1,Other
2026-4030,Vera,Ferrer,BET-EST,2,Male
2026-4031,George,Del Rosario,BET-MET,3,Female
2026-4032,Paolo,Hilario,BET-MMT,4,Other
2026-4033,Tessa,Estrella,BS Applied Physics,1,Male
2026-4034,Lourdes,Estrella,BS Bio-Animal Biology,2,Female
2026-4035,Giselle,Roxas,BS Bio-Biodiversity,3,Other
2026-4036,Ursula,Velasco,BS Bio-Microbiology,4,Male
2026-4037,Nestor,Manalo,BS Bio-Plant Biology,1,Female
2026-4038,Carmen,Jacinto,BS Chem,2,Other
2026-4039,Wilma,Valdez,BS Econ,3,Male
2026-4040,Jared,Ibrahim,BS HM,4,Female
2026-4041,Wendy,Ortega,BS IAM,1,Other
2026-4042,Yvonne,Calixto,BS Mar,2,Male
2026-4043,Tristan,Serrano,BS Math,3,Female
2026-4044,Elena,Lorenzo,BS Physics,4,Other
2026-4045,Elena,Jacinto,BS Stat,1,Male
2026-4046,Luis,Flores,BSA,2,Female
2026-4047,Kevin,Bernardo,BSBA-BE,3,Other
2026-4048,Ursula,Quinto,BSBA-MM,4,Male
2026-4049,Dylan,Baldwin,BSCE,1,Female
2026-4050,Marnie,Gutierrez,BSCE,2,Other
2026-4051,Giselle,Rivera,BSCS,3,Male
2026-4052,Jose,Fuentes,BSCerE,4,Female
2026-4053,Leo,Perez,BSChE,1,Other
2026-4054,Juan,Osorio,BSCpE,2,Male
2026-4055,Lourdes,Morales,BSECE,3,Female
2026-4056,Valerie,Tagle,BSEE,4,Other
2026-4057,Hector,David,BSEME,1,Male
2026-4058,Laura,Fuentes,BSENTREP,2,Female
2026-4059,Tristan,Aquino,BSEnE,3,Other
2026-4060,Maya,De Leon,BSIS,4,Male
2026-4061,Finn,Uy,BSIT,1,Female
2026-4062,Queenie,Benedicto,BSME,2,Other
2026-4063,Giselle,Ilagan,BSMEE,3,Male
2026-4064,Denise,Isidro,BSMetE,4,Female
2026-4065,Alyssa,Yap,BSCE,1,Other
2026-4066,Marnie,Perez,BSPhil,2,Male
2026-4067,Ramon,Samson,BSPsych,3,Female
2026-4068,Ana,Gatdula,BA Fil,4,Other
2026-4069,Leah,Lorenzo,BA His,1,Male
2026-4070,Roderick,Bermudez,BA Pan,2,Female
2026-4071,Tristan,Pascual,BA PoS,3,Other
2026-4072,Sebastian,Ilagan,BA Psych,4,Male
2026-4073,Daphne,Sison,BA Soc,1,Female
2026-4074,Martin,Navarro,BAELS,2,Other
2026-4075,Janice,Navarro,BALCS,3,Male
2026-4076,Selena,Cabrera,BET-CET,4,Female
2026-4077,Martin,Belen,BET-ChET,1,Other
2026-4078,Tessa,Joaquin,BET-EET,2,Male
2026-4079,Vera,Vargas,BET-EST,3,Female
2026-4080,Miguel,Baldwin,BET-MET,4,Other
2026-4081,Celeste,Umali,BET-MMT,1,Male
2026-4082,Lara,Benedicto,BS Applied Physics,2,Female
2026-4083,Nathan,Quijano,BS Bio-Animal Biology,3,Other
2026-4084,Simon,Bermudez,BS Bio-Biodiversity,4,Male
2026-4085,Marnie,Serrano,BS Bio-Microbiology,1,Female
2026-4086,Valerie,Benedicto,BS Bio-Plant Biology,2,Other
2026-4087,Laura,Bernardo,BS Chem,3,Male
2026-4088,Tristan,Dela Cruz,BS Econ,4,Female
2026-4089,Althea,Navarro,BS HM,1,Other
2026-4090,Aiden,Khan,BS IAM,2,Male
2026-4091,Jared,Hernando,BS Mar,3,Female
2026-4092,Angela,Santiago,BS Math,4,Other
2026-4093,Carmen,Hernando,BS Physics,1,Male
2026-4094,Denise,Gatdula,BS Stat,2,Female
2026-4095,Jared,Wong,BSA,3,Other
2026-4096,Gabriel,Yason,BSBA-BE,4,Male
2026-4097,Quinn,Panganiban,BSBA-MM,1,Female
2026-4098,Eric,Aquino,BSCE,2,Other
2026-4099,Jasmine,Ferrer,BSCE,3,Male
2026-4100,Maria,Madrigal,BSCS,4,Female
2026-4101,Angela,Lacsamana,BSCerE,1,Other
2026-4102,Zachary,Enriquez,BSChE,2,Male
2026-4103,Irene,Valdez,BSCpE,3,Female
2026-4104,Zion,Diaz,BSECE,4,Other
2026-4105,Patricia,Estrada,BSEE,1,Male
2026-4106,Gavin,Magtibay,BSEME,2,Female
2026-4107,Xavier,Gonzales,BSENTREP,3,Other
2026-4108,Orlando,Nguyen,BSEnE,4,Male
2026-4109,Valerie,Rosales,BSIS,1,Female
2026-4110,Celeste,Jacinto,BSIT,2,Other
2026-4111,Ryan,Jacinto,BSME,3,Male
2026-4112,Victor,Flores,BSMEE,4,Female
2026-4113,Monica,Alvarez,BSMetE,1,Other
2026-4114,Miguel,Benedicto,BSCE,2,Male
2026-4115,Clara,Joaquin,BSPhil,3,Female
2026-4116,Karl,Lopez,BSPsych,4,Other
2026-4117,Heidi,Santiago,BA Fil,1,Male
2026-4118,Selena,Paredes,BA His,2,Female
2026-4119,Alyssa,Magtibay,BA Pan,3,Other
2026-4120,Shiela,Ilagan,BA PoS,4,Male
2026-4121,Gavin,Torres,BA Psych,1,Female
2026-4122,Ian,Quiambao,BA Soc,2,Other
2026-4123,Lourdes,Tiongson,BAELS,3,Male
2026-4124,Elena,Zulueta,BALCS,4,Female
2026-4125,Maria,Fernandez,BET-CET,1,Other
2026-4126,Wilma,Diaz,BET-ChET,2,Male
2026-4127,Grace,Lacsamana,BET-EET,3,Female
2026-4128,Paula,Pineda,BET-EST,4,Other
2026-4129,Brian,De Leon,BET-MET,1,Male
2026-4130,Emilio,Calixto,BET-MMT,2,Female
2026-4131,Emilio,Ledesma,BS Applied Physics,3,Other
2026-4132,Perry,Mercado,BS Bio-Animal Biology,4,Male
2026-4133,Eric,Paredes,BS Bio-Biodiversity,1,Female
2026-4134,Hannah,Jalandoni,BS Bio-Microbiology,2,Other
2026-4135,Mila,Valdez,BS Bio-Plant Biology,3,Male
2026-4136,Laura,San Jose,BS Chem,4,Female
2026-4137,Christian,Ibrahim,BS Econ,1,Other
2026-4138,Perry,Pineda,BS HM,2,Male
2026-4139,Maya,Nolasco,BS IAM,3,Female
2026-4140,Vera,Quisumbing,BS Mar,4,Other
2026-4141,Isagani,Gatchalian,BS Math,1,Male
2026-4142,Wendy,Cabrera,BS Physics,2,Female
2026-4143,Vincent,Wong,BS Stat,3,Other
2026-4144,Ella,Joaquin,BSA,4,Male
2026-4145,Carlo,Robles,BSBA-BE,1,Female
2026-4146,Finn,Luna,BSBA-MM,2,Other
2026-4147,Isabella,Guevara,BSCE,3,Male
2026-4148,Wendy,Gonzales,BSCE,4,Female
2026-4149,Elias,Ledesma,BSCS,1,Other
2026-4150,Martin,Pineda,BSCerE,2,Male
2026-4151,Ana,Hilario,BSChE,3,Female
2026-4152,Naomi,Lorenzo,BSCpE,4,Other
2026-4153,Nestor,Abad,BSECE,1,Male
2026-4154,Denise,Reyes,BSEE,2,Female
2026-4155,Leah,Salazar,BSEME,3,Other
2026-4156,Olivia,Gonzales,BSENTREP,4,Male
2026-4157,Ariana,Salazar,BSEnE,1,Female
2026-4158,Valerie,Hidalgo,BSIS,2,Other
2026-4159,Brenda,Urbano,BSIT,3,Male
2026-4160,Lina,Ibrahim,BSME,4,Female
2026-4161,Lara,Ramos,BSMEE,1,Other
2026-4162,Brenda,Rosales,BSMetE,2,Male
2026-4163,Aiden,Del Rosario,BSCE,3,Female
2026-4164,Olivia,Hidalgo,BSPhil,4,Other
2026-4165,Janice,Lopez,BSPsych,1,Male
2026-4166,Ulysses,Kara,BA Fil,2,Female
2026-4167,George,Estrella,BA His,3,Other
2026-4168,Hector,Espinosa,BA Pan,4,Male
2026-4169,Roderick,Quiambao,BA PoS,1,Female
2026-4170,Wendy,Pascual,BA Psych,2,Other
2026-4171,Tobias,Neri,BA Soc,3,Male
2026-4172,Alyssa,Torres,BAELS,4,Female
2026-4173,Yvette,Osorio,BALCS,1,Other
2026-4174,Victor,Ferrer,BET-CET,2,Male
2026-4175,Vera,Del Rosario,BET-ChET,3,Female
2026-4176,Valerie,Lim,BET-EET,4,Other
2026-4177,Hector,Paredes,BET-EST,1,Male
2026-4178,Faye,Mercado,BET-MET,2,Female
2026-4179,Monica,Yason,BET-MMT,3,Other
2026-4180,Daphne,Hidalgo,BS Applied Physics,4,Male
2026-4181,Joy,Yabut,BS Bio-Animal Biology,1,Female
2026-4182,Jared,Luna,BS Bio-Biodiversity,2,Other
2026-4183,Ulysses,David,BS Bio-Microbiology,3,Male
2026-4184,Lina,Magtibay,BS Bio-Plant Biology,4,Female
2026-4185,Monica,Padilla,BS Chem,1,Other
2026-4186,Maria,Ong,BS Econ,2,Male
2026-4187,Wilma,Mercado,BS HM,3,Female
2026-4188,Denise,Calixto,BS IAM,4,Other
2026-4189,Juan,Sison,BS Mar,1,Male
2026-4190,Ophelia,Yap,BS Math,2,Female
2026-4191,Jared,Villanueva,BS Physics,3,Other
2026-4192,Joy,Quinto,BS Stat,4,Male
2026-4193,Leo,Quijano,BSA,1,Female
2026-4194,Zachary,Delos Santos,BSBA-BE,2,Other
2026-4195,Christian,Ocampo,BSBA-MM,3,Male
2026-4196,Noah,Rivera,BSCE,4,Female
2026-4197,Katherine,Valdez,BSCE,1,Other
2026-4198,Enzo,Tagle,BSCS,2,Male
2026-4199,Daphne,Zamora,BSCerE,3,Female
2026-4200,Victor,Roxas,BSChE,4,Other
2026-4201,Naomi,Espinosa,BSCpE,1,Male
2026-4202,Clarisse,Baldwin,BSECE,2,Female
2026-4203,Kenneth,Wong,BSEE,3,Other
2026-4204,Vincent,Salazar,BSEME,4,Male
2026-4205,Ana,Flores,BSENTREP,1,Female
2026-4206,Yvette,Roxas,BSEnE,2,Other
2026-4207,Joshua,Diaz,BSIS,3,Male
2026-4208,Perry,Kabiling,BSIT,4,Female
2026-4209,Dominic,Belen,BSME,1,Other
2026-4210,Andrea,Ong,BSMEE,2,Male
2026-4211,Dominic,Jalandoni,BSMetE,3,Female
2026-4212,Brenda,Calixto,BSCE,4,Other
2026-4213,Brian,Tanada,BSPhil,1,Male
2026-4214,Ramon,Morales,BSPsych,2,Female
2026-4215,Paolo,Padilla,BA Fil,3,Other
2026-4216,Nathan,De Leon,BA His,4,Male
2026-4217,Daphne,Baldwin,BA Pan,1,Female
2026-4218,Leo,Morales,BA PoS,2,Other
2026-4219,Zachary,Bautista,BA Psych,3,Male
2026-4220,Cyrus,Yap,BA Soc,4,Female
2026-4221,Isabella,Salazar,BAELS,1,Other
2026-4222,Ariel,Del Rosario,BALCS,2,Male
2026-4223,Maria,Abad,BET-CET,3,Female
2026-4224,Yana,Velez,BET-ChET,4,Other
2026-4225,Ryan,Espinosa,BET-EET,1,Male
2026-4226,Uriel,Vargas,BET-EST,2,Female
2026-4227,Quinn,Ferrer,BET-MET,3,Other
2026-4228,Joshua,Quinto,BET-MMT,4,Male
2026-4229,Martin,Isidro,BS Applied Physics,1,Female
2026-4230,Heidi,Pineda,BS Bio-Animal Biology,2,Other
2026-4231,Carmen,Salvacion,BS Bio-Biodiversity,3,Male
2026-4232,Frances,Reyes,BS Bio-Microbiology,4,Female
2026-4233,Miguel,Osorio,BS Bio-Plant Biology,1,Other
2026-4234,Sofia,Aguilar,BS Chem,2,Male
2026-4235,Faith,Calderon,BS Econ,3,Female
2026-4236,Bianca,Ortega,BS HM,4,Other
2026-4237,Nathan,Tiongson,BS IAM,1,Male
2026-4238,Monica,Soriano,BS Mar,2,Female
2026-4239,Nathan,Ledesma,BS Math,3,Other
2026-4240,Jared,Kabiling,BS Physics,4,Male
2026-4241,Bianca,Guevara,BS Stat,1,Female
2026-4242,Quinn,Serrano,BSA,2,Other
2026-4243,Elena,Salvacion,BSBA-BE,3,Male
2026-4244,Daniel,Garcia,BSBA-MM,4,Female
2026-4245,Nina,Mercado,BSCE,1,Other
2026-4246,Mila,Madrigal,BSCE,2,Male
2026-4247,Ariel,Cruz,BSCS,3,Female
2026-4248,Jared,Belen,BSCerE,4,Other
2026-4249,Ivan,Cruz,BSChE,1,Male
2026-4250,Nina,Uy,BSCpE,2,Female
2026-4251,Ethan,Hilario,BSECE,3,Other
2026-4252,Vincent,Gatdula,BSEE,4,Male
2026-4253,Wesley,Ferrer,BSEME,1,Female
2026-4254,Orlando,Lacsamana,BSENTREP,2,Other
2026-4255,Quinn,Razon,BSEnE,3,Male
2026-4256,Dylan,Magtibay,BSIS,4,Female
2026-4257,Angela,Castillo,BSIT,1,Other
2026-4258,Roderick,Jalandoni,BSME,2,Male
2026-4259,Xavier,Yason,BSMEE,3,Female
2026-4260,Naomi,Aguilar,BSMetE,4,Other
2026-4261,Ivan,Alvarez,BSCE,1,Male
2026-4262,Uriel,Santiago,BSPhil,2,Female
2026-4263,Uriel,Torres,BSPsych,3,Other
2026-4264,Olivia,Mendoza,BA Fil,4,Male
2026-4265,Daniel,Alvarez,BA His,1,Female
2026-4266,Zion,Tanada,BA Pan,2,Other
2026-4267,Ana,Macaraeg,BA PoS,3,Male
2026-4268,Neil,Nguyen,BA Psych,4,Female
2026-4269,Jared,Ocampo,BA Soc,1,Other
2026-4270,Nathan,Madrigal,BAELS,2,Male
2026-4271,Kenneth,Co,BALCS,3,Female
2026-4272,Faye,Quisumbing,BET-CET,4,Other
2026-4273,Patricia,David,BET-ChET,1,Male
2026-4274,Elena,Quijano,BET-EET,2,Female
2026-4275,Bea,Mercado,BET-EST,3,Other
2026-4276,Denise,Torres,BET-MET,4,Male
2026-4277,Simon,Zulueta,BET-MMT,1,Female
2026-4278,Katherine,Quisumbing,BS Applied Physics,2,Other
2026-4279,Jasmine,Del Rosario,BS Bio-Animal Biology,3,Male
2026-4280,Bea,Tiongson,BS Bio-Biodiversity,4,Female
2026-4281,Marnie,Soriano,BS Bio-Microbiology,1,Other
2026-4282,Roderick,Lopez,BS Bio-Plant Biology,2,Male
2026-4283,Angela,Abad,BS Chem,3,Female
2026-4284,Emilio,Rivera,BS Econ,4,Other
2026-4285,Naomi,Velasco,BS HM,1,Male
2026-4286,Daphne,Hernandez,BS IAM,2,Female
2026-4287,Martin,Ferrer,BS Mar,3,Other
2026-4288,Kenneth,Ong,BS Math,4,Male
2026-4289,Ian,Baldwin,BS Physics,1,Female
2026-4290,Clara,Umali,BS Stat,2,Other
2026-4291,Enzo,Javier,BSA,3,Male
2026-4292,Lourdes,Magtibay,BSBA-BE,4,Female
2026-4293,Denise,Urbano,BSBA-MM,1,Other
2026-4294,Orlando,Rosales,BSCE,2,Male
2026-4295,Ryan,Razon,BSCE,3,Female
2026-4296,Andrea,Alvarez,BSCS,4,Other
2026-4297,Denise,Wong,BSCerE,1,Male
2026-4298,Samuel,Mendoza,BSChE,2,Female
2026-4299,Frances,Lorenzo,BSCpE,3,Other
2026-4300,Isabella,Jacinto,BSECE,4,Male
2026-4301,Clarisse,Delos Santos,BSEE,1,Female
2026-4302,Sofia,Kasim,BSEME,2,Other
2026-4303,Jared,Sanchez,BSENTREP,3,Male
2026-4304,Aiden,De Leon,BSEnE,4,Female
2026-4305,Tobias,Uy,BSIS,1,Other
2026-4306,Ariana,Pineda,BSIT,2,Male
2026-4307,Zion,Garcia,BSME,3,Female
2026-4308,Arman,Fernandez,BSMEE,4,Other
2026-4309,Andrea,Luna,BSMetE,1,Male
2026-4310,Wesley,Reyes,BSCE,2,Female
2026-4311,Wendy,Benedicto,BSPhil,3,Other
2026-4312,Elias,Serrano,BSPsych,4,Male
2026-4313,Isagani,Velez,BA Fil,1,Female
2026-4314,Faith,Santiago,BA His,2,Other
2026-4315,Eric,Valdez,BA Pan,3,Male
2026-4316,Cyrus,Isidro,BA PoS,4,Female
2026-4317,Carlo,Hernando,BA Psych,1,Other
2026-4318,Tristan,Ortega,BA Soc,2,Male
2026-4319,Katherine,Estrella,BAELS,3,Female
2026-4320,Joshua,Uy,BALCS,4,Other
2026-4321,Samuel,Mercado,BET-CET,1,Male
2026-4322,Juan,San Jose,BET-ChET,2,Female
2026-4323,Ana,Robles,BET-EET,3,Other
2026-4324,Ariel,Osorio,BET-EST,4,Male
2026-4325,Liam,Co,BET-MET,1,Female
2026-4326,Noah,Soriano,BET-MMT,2,Other
2026-4327,Faye,Yason,BS Applied Physics,3,Male
2026-4328,Brian,Espinosa,BS Bio-Animal Biology,4,Female
2026-4329,Zachary,Vargas,BS Bio-Biodiversity,1,Other
2026-4330,Faith,Luna,BS Bio-Microbiology,2,Male
2026-4331,Rafael,De Leon,BS Bio-Plant Biology,3,Female
2026-4332,Adrian,Sanchez,BS Chem,4,Other
2026-4333,Hannah,Lorenzo,BS Econ,1,Male
2026-4334,Zachary,Jacinto,BS HM,2,Female
2026-4335,Zachary,Nguyen,BS IAM,3,Other
2026-4336,Celeste,Velez,BS Mar,4,Male
2026-4337,Samuel,Aguilar,BS Math,1,Female
2026-4338,Faith,Fuentes,BS Physics,2,Other
2026-4339,Neil,Lopez,BS Stat,3,Male
2026-4340,Nathan,Manalo,BSA,4,Female
2026-4341,Quinn,Aguilar,BSBA-BE,1,Other
2026-4342,Elias,Osorio,BSBA-MM,2,Male
2026-4343,Tobias,Urbano,BSCE,3,Female
2026-4344,Cedric,Aguilar,BSCE,4,Other
2026-4345,Ulysses,Guevara,BSCS,1,Male
2026-4346,Sebastian,De Leon,BSCerE,2,Female
2026-4347,Zachary,Quijano,BSChE,3,Other
2026-4348,Mia,Natividad,BSCpE,4,Male
2026-4349,Isabella,Hernando,BSECE,1,Female
2026-4350,Heidi,Macaraeg,BSEE,2,Other
2026-4351,Ariel,Fuentes,BSEME,3,Male
2026-4352,Sofia,Lorenzo,BSENTREP,4,Female
2026-4353,Tessa,Madrigal,BSEnE,1,Other
2026-4354,Clarisse,Velasco,BSIS,2,Male
2026-4355,Selena,Tan,BSIT,3,Female
2026-4356,Rita,Velasco,BSME,4,Other
2026-4357,Elena,Osorio,BSMEE,1,Male
2026-4358,Noah,Gatdula,BSMetE,2,Female
2026-4359,Valerie,Tan,BSCE,3,Other
2026-4360,Tessa,Bernardo,BSPhil,4,Male
2026-4361,Yvette,Domingo,BSPsych,1,Female
2026-4362,Ariana,Umali,BA Fil,2,Other
2026-4363,Althea,Jalandoni,BA His,3,Male
2026-4364,Olivia,Garcia,BA Pan,4,Female
2026-4365,Naomi,Robles,BA PoS,1,Other
2026-4366,Ulysses,Samson,BA Psych,2,Male
2026-4367,Ella,Fuentes,BA Soc,3,Female
2026-4368,Carmen,Fernandez,BAELS,4,Other
2026-4369,Ryan,Kabiling,BALCS,1,Male
2026-4370,Roderick,Nguyen,BET-CET,2,Female
2026-4371,Sofia,Roxas,BET-ChET,3,Other
2026-4372,Carmen,David,BET-EET,4,Male
2026-4373,Elias,Zamora,BET-EST,1,Female
2026-4374,Cedric,Mercado,BET-MET,2,Other
2026-4375,Karl,Jalandoni,BET-MMT,3,Male
2026-4376,Maya,Lopez,BS Applied Physics,4,Female
2026-4377,Daniel,Bernardo,BS Bio-Animal Biology,1,Other
2026-4378,Joshua,Fuentes,BS Bio-Biodiversity,2,Male
2026-4379,George,Hernandez,BS Bio-Microbiology,3,Female
2026-4380,Christian,Calixto,BS Bio-Plant Biology,4,Other
2026-4381,Patrick,Razon,BS Chem,1,Male
2026-4382,Andrea,Quinones,BS Econ,2,Female
2026-4383,Clara,Salazar,BS HM,3,Other
2026-4384,Maya,Paredes,BS IAM,4,Male
2026-4385,Mia,Hidalgo,BS Mar,1,Female
2026-4386,Ariel,Quinto,BS Math,2,Other
2026-4387,Hannah,David,BS Physics,3,Male
2026-4388,Kevin,Quijano,BS Stat,4,Female
2026-4389,Joshua,Rivera,BSA,1,Other
2026-4390,Hector,Hidalgo,BSBA-BE,2,Male
2026-4391,Eric,Garcia,BSBA-MM,3,Female
2026-4392,Zachary,Kara,BSCE,4,Other
2026-4393,Vincent,Velez,BSCE,1,Male
2026-4394,Leah,Manalo,BSCS,2,Female
2026-4395,Diana,Soriano,BSCerE,3,Other
2026-4396,Lina,Umali,BSChE,4,Male
2026-4397,Nina,Velasco,BSCpE,1,Female
2026-4398,Cyrus,Herrera,BSECE,2,Other
2026-4399,Brenda,Inocencio,BSEE,3,Male
2026-4400,Yvonne,Bernardo,BSEME,4,Female
2026-4401,Tobias,Gutierrez,BSENTREP,1,Other
2026-4402,Ramon,Kasim,BSEnE,2,Male
2026-4403,Jose,Sanchez,BSIS,3,Female
2026-4404,Paula,Bernardo,BSIT,4,Other
2026-4405,Joy,Lim,BSME,1,Male
2026-4406,Neil,Quiambao,BSMEE,2,Female
2026-4407,Gavin,Ibrahim,BSMetE,3,Other
2026-4408,Gavin,Del Rosario,BSCE,4,Male
2026-4409,Irene,Luna,BSPhil,1,Female
2026-4410,Sebastian,Manansala,BSPsych,2,Other
2026-4411,Liam,Ferrer,BA Fil,3,Male
2026-4412,Victor,Bernardo,BA His,4,Female
2026-4413,Tristan,Tanada,BA Pan,1,Other
2026-4414,Kenneth,Soriano,BA PoS,2,Male
2026-4415,Maya,Villanueva,BA Psych,3,Female
2026-4416,Ophelia,Ocampo,BA Soc,4,Other
2026-4417,Ella,Tan,BAELS,1,Male
2026-4418,Ian,Tagle,BALCS,2,Female
2026-4419,Tristan,Salazar,BET-CET,3,Other
2026-4420,Nathan,Velez,BET-ChET,4,Male
2026-4421,Gabriel,Benedicto,BET-EET,1,Female
2026-4422,Diana,Baldwin,BET-EST,2,Other
2026-4423,Bella,Bautista,BET-MET,3,Male
2026-4424,Jasmine,Ibrahim,BET-MMT,4,Female
2026-4425,Mark,Salazar,BS Applied Physics,1,Other
2026-4426,Kevin,Aguilar,BS Bio-Animal Biology,2,Male
2026-4427,Daniel,Lorenzo,BS Bio-Biodiversity,3,Female
2026-4428,Bea,Sison,BS Bio-Microbiology,4,Other
2026-4429,Orlando,Urbano,BS Bio-Plant Biology,1,Male
2026-4430,Kevin,Tanada,BS Chem,2,Female
2026-4431,Uriel,Morales,BS Econ,3,Other
2026-4432,Katherine,Serrano,BS HM,4,Male
2026-4433,Frances,Alvarez,BS IAM,1,Female
2026-4434,Ana,Osorio,BS Mar,2,Other
2026-4435,Wesley,Quinones,BS Math,3,Male
2026-4436,Vera,Quiambao,BS Physics,4,Female
2026-4437,Ella,Quinones,BS Stat,1,Other
2026-4438,Zion,Mendoza,BSA,2,Male
2026-4439,Ana,Paredes,BSBA-BE,3,Female
2026-4440,Monica,Macaraeg,BSBA-MM,4,Other
2026-4441,Althea,David,BSCE,1,Male
2026-4442,Naomi,San Jose,BSCE,2,Female
2026-4443,Daniel,Velasco,BSCS,3,Other
2026-4444,Juan,Bermudez,BSCerE,4,Male
2026-4445,Heidi,Lorenzo,BSChE,1,Female
2026-4446,Gabriel,Cruz,BSCpE,2,Other
2026-4447,Patricia,San Jose,BSECE,3,Male
2026-4448,Carlo,Samson,BSEE,4,Female
2026-4449,Elias,Ibrahim,BSEME,1,Other
2026-4450,Naomi,Castillo,BSENTREP,2,Male
2026-4451,Ana,Hernandez,BSEnE,3,Female
2026-4452,Martin,Panganiban,BSIS,4,Other
2026-4453,Carlo,Rosales,BSIT,1,Male
2026-4454,Roderick,Quinones,BSME,2,Female
2026-4455,Karl,Quinones,BSMEE,3,Other
2026-4456,Ryan,Fuentes,BSMetE,4,Male
2026-4457,Ramon,Tiongson,BSCE,1,Female
2026-4458,Jose,Cabrera,BSPhil,2,Other
2026-4459,Carlo,Neri,BSPsych,3,Male
2026-4460,Luis,San Jose,BA Fil,4,Female
2026-4461,Yana,Tiongson,BA His,1,Other
2026-4462,Clara,Padilla,BA Pan,2,Male
2026-4463,Alyssa,Valencia,BA PoS,3,Female
2026-4464,Maria,Neri,BA Psych,4,Other
2026-4465,Lourdes,Delos Santos,BA Soc,1,Male
2026-4466,Victor,Fernandez,BAELS,2,Female
2026-4467,Roderick,Soriano,BALCS,3,Other
2026-4468,Tessa,Dela Cruz,BET-CET,4,Male
2026-4469,Patricia,Rosales,BET-ChET,1,Female
2026-4470,Diana,Macaraeg,BET-EET,2,Other
2026-4471,Daniel,Ong,BET-EST,3,Male
2026-4472,Katherine,Mercado,BET-MET,4,Female
2026-4473,Grace,Santos,BET-MMT,1,Other
2026-4474,Adrian,Santiago,BS Applied Physics,2,Male
2026-4475,Vincent,Gutierrez,BS Bio-Animal Biology,3,Female
2026-4476,Heidi,Manansala,BS Bio-Biodiversity,4,Other
2026-4477,Shiela,Zamora,BS Bio-Microbiology,1,Male
2026-4478,Perry,Javier,BS Bio-Plant Biology,2,Female
2026-4479,Zachary,David,BS Chem,3,Other
2026-4480,Rita,Ferrer,BS Econ,4,Male
2026-4481,Aiden,Vargas,BS HM,1,Female
2026-4482,Bella,Hernando,BS IAM,2,Other
2026-4483,Clarisse,Gutierrez,BS Mar,3,Male
2026-4484,Aiden,Tanada,BS Math,4,Female
2026-4485,Maria,Urbano,BS Physics,1,Other
2026-4486,Marnie,Delos Santos,BS Stat,2,Male
2026-4487,Wilma,De Vera,BSA,3,Female
2026-4488,Liam,Perez,BSBA-BE,4,Other
2026-4489,Neil,Gatchalian,BSBA-MM,1,Male
2026-4490,Miguel,Razon,BSCE,2,Female
2026-4491,Arman,Umali,BSCE,3,Other
2026-4492,Liam,Quinto,BSCS,4,Male
2026-4493,Roderick,Cayetano,BSCerE,1,Female
2026-4494,Gabriel,Pineda,BSChE,2,Other
2026-4495,Katherine,Neri,BSCpE,3,Male
2026-4496,Lina,Wong,BSECE,4,Female
2026-4497,Queenie,Fuentes,BSEE,1,Other
2026-4498,Hector,Panganiban,BSEME,2,Male
2026-4499,Luis,Jacinto,BSENTREP,3,Female
2026-4500,Kevin,Belen,BSEnE,4,Other
2026-4501,Eric,Ocampo,BSIS,1,Male
2026-4502,Perry,Rivera,BSIT,2,Female
2026-4503,Eric,De Vera,BSME,3,Other
2026-4504,Ryan,Ocampo,BSMEE,4,Male
2026-4505,Nina,Dela Cruz,BSMetE,1,Female
2026-4506,Patricia,Manalo,BSCE,2,Other
2026-4507,Ryan,Mercado,BSPhil,3,Male
2026-4508,Daniel,Bautista,BSPsych,4,Female
2026-4509,Brian,Herrera,BA Fil,1,Other
2026-4510,Brian,Hidalgo,BA His,2,Male
2026-4511,Hazel,Sison,BA Pan,3,Female
2026-4512,Clara,Salvacion,BA PoS,4,Other
2026-4513,Patricia,Delos Santos,BA Psych,1,Male
2026-4514,Joshua,Hernando,BA Soc,2,Female
2026-4515,Ariana,Zamora,BAELS,3,Other
2026-4516,Naomi,Zulueta,BALCS,4,Male
2026-4517,Laura,Valdez,BET-CET,1,Female
2026-4518,Lourdes,Bernardo,BET-ChET,2,Other
2026-4519,Janice,Quinones,BET-EET,3,Male
2026-4520,Finn,Tiongson,BET-EST,4,Female
2026-4521,Ramon,Ablaza,BET-MET,1,Other
2026-4522,Clara,Ong,BET-MMT,2,Male
2026-4523,Isabella,Vargas,BS Applied Physics,3,Female
2026-4524,Elena,Flores,BS Bio-Animal Biology,4,Other
2026-4525,Celeste,Wong,BS Bio-Biodiversity,1,Male
2026-4526,Tristan,Bermudez,BS Bio-Microbiology,2,Female
2026-4527,Althea,Rivera,BS Bio-Plant Biology,3,Other
2026-4528,Uriel,Baldwin,BS Chem,4,Male
2026-4529,Patrick,Roxas,BS Econ,1,Female
2026-4530,Mark,De Vera,BS HM,2,Other
2026-4531,Bella,Rosales,BS IAM,3,Male
2026-4532,Hector,Salvacion,BS Mar,4,Female
2026-4533,Ella,Hernandez,BS Math,1,Other
2026-4534,Monica,Jalandoni,BS Physics,2,Male
2026-4535,Yvonne,Natividad,BS Stat,3,Female
2026-4536,Marnie,Sanchez,BSA,4,Other
2026-4537,Angela,Hernando,BSBA-BE,1,Male
2026-4538,Janice,Pascual,BSBA-MM,2,Female
2026-4539,Mia,Diaz,BSCE,3,Other
2026-4540,Rita,Zamora,BSCE,4,Male
2026-4541,Ophelia,Yason,BSCS,1,Female
2026-4542,Hannah,Lacsamana,BSCerE,2,Other
2026-4543,Wesley,Aguilar,BSChE,3,Male
2026-4544,Ethan,Cayetano,BSCpE,4,Female
2026-4545,Dylan,Villanueva,BSECE,1,Other
2026-4546,Mia,Aguilar,BSEE,2,Male
2026-4547,Gabriel,Khan,BSEME,3,Female
2026-4548,Finn,Ablaza,BSENTREP,4,Other
2026-4549,Gabriel,Zamora,BSEnE,1,Male
2026-4550,Naomi,Jacinto,BSIS,2,Female
2026-4551,Jasmine,Serrano,BSIT,3,Other
2026-4552,Vincent,Hernando,BSME,4,Male
2026-4553,Cyrus,Pascual,BSMEE,1,Female
2026-4554,Wendy,Cruz,BSMetE,2,Other
2026-4555,Ella,Ilagan,BSCE,3,Male
2026-4556,Brian,Garcia,BSPhil,4,Female
2026-4557,Faye,Abad,BSPsych,1,Other
2026-4558,Daniel,Hernandez,BA Fil,2,Male
2026-4559,Dominic,Velasco,BA His,3,Female
2026-4560,Angela,Belen,BA Pan,4,Other
2026-4561,Cedric,Estrada,BA PoS,1,Male
2026-4562,Heidi,Yabut,BA Psych,2,Female
2026-4563,Leah,Gutierrez,BA Soc,3,Other
2026-4564,Marnie,Navarro,BAELS,4,Male
2026-4565,Shiela,Ledesma,BALCS,1,Female
2026-4566,Arman,Quijano,BET-CET,2,Other
2026-4567,Ana,Neri,BET-ChET,3,Male
2026-4568,Daniel,Roxas,BET-EET,4,Female
2026-4569,Lina,Soriano,BET-EST,1,Other
2026-4570,Paolo,Cruz,BET-MET,2,Male
2026-4571,Yana,Cruz,BET-MMT,3,Female
2026-4572,Maya,Isidro,BS Applied Physics,4,Other
2026-4573,Bea,Fuentes,BS Bio-Animal Biology,1,Male
2026-4574,Adrian,Aguilar,BS Bio-Biodiversity,2,Female
2026-4575,Marnie,Aguilar,BS Bio-Microbiology,3,Other
2026-4576,Ivan,Hernandez,BS Bio-Plant Biology,4,Male
2026-4577,Kenneth,Velez,BS Chem,1,Female
2026-4578,Lina,Mendoza,BS Econ,2,Other
2026-4579,Brenda,Belen,BS HM,3,Male
2026-4580,Ryan,Zulueta,BS IAM,4,Female
2026-4581,Yvonne,Santos,BS Mar,1,Other
2026-4582,Selena,Quiambao,BS Math,2,Male
2026-4583,Kenneth,Belen,BS Physics,3,Female
2026-4584,Vincent,Flores,BS Stat,4,Other
2026-4585,Xavier,Pineda,BSA,1,Male
2026-4586,Martin,Umali,BSBA-BE,2,Female
2026-4587,Carlo,Morales,BSBA-MM,3,Other
2026-4588,Monica,Delos Santos,BSCE,4,Male
2026-4589,Faye,Quiambao,BSCE,1,Female
2026-4590,Ariana,Yason,BSCS,2,Other
2026-4591,Nestor,Fuentes,BSCerE,3,Male
2026-4592,Zachary,De Leon,BSChE,4,Female
2026-4593,Zachary,Paredes,BSCpE,1,Other
2026-4594,Ella,Pineda,BSECE,2,Male
2026-4595,Gabriel,De Leon,BSEE,3,Female
2026-4596,Paolo,Lacsamana,BSEME,4,Other
2026-4597,Wilma,Sison,BSENTREP,1,Male
2026-4598,Hector,Baldwin,BSEnE,2,Female
2026-4599,Clarisse,Aguilar,BSIS,3,Other
2026-4600,Elias,Cayetano,BSIT,4,Male
2026-4601,Orlando,Romero,BSME,1,Female
2026-4602,Arman,Manansala,BSMEE,2,Other
2026-4603,Jose,San Jose,BSMetE,3,Male
2026-4604,Kevin,Joaquin,BSCE,4,Female
2026-4605,Jose,Tanada,BSPhil,1,Other
2026-4606,Dylan,Lopez,BSPsych,2,Male
2026-4607,Angela,Luna,BA Fil,3,Female
2026-4608,Queenie,Isidro,BA His,4,Other
2026-4609,Irene,Tan,BA Pan,1,Male
2026-4610,Ethan,Ortega,BA PoS,2,Female
2026-4611,Andrea,Robles,BA Psych,3,Other
2026-4612,Lara,Ibrahim,BA Soc,4,Male
2026-4613,Sebastian,Calixto,BAELS,1,Female
2026-4614,Ulysses,Yap,BALCS,2,Other
2026-4615,Victor,Ramos,BET-CET,3,Male
2026-4616,Neil,De Leon,BET-ChET,4,Female
2026-4617,Finn,Mendoza,BET-EET,1,Other
2026-4618,Kevin,Samson,BET-EST,2,Male
2026-4619,Marnie,Razon,BET-MET,3,Female
2026-4620,Cyrus,Salvacion,BET-MMT,4,Other
2026-4621,Orlando,Estrada,BS Applied Physics,1,Male
2026-4622,Nathan,Tan,BS Bio-Animal Biology,2,Female
2026-4623,Queenie,Ibrahim,BS Bio-Biodiversity,3,Other
2026-4624,Jose,Gatchalian,BS Bio-Microbiology,4,Male
2026-4625,Naomi,Ablaza,BS Bio-Plant Biology,1,Female
2026-4626,Juan,Guevara,BS Chem,2,Other
2026-4627,Zion,Fuentes,BS Econ,3,Male
2026-4628,Enzo,Mendoza,BS HM,4,Female
2026-4629,Wendy,Salvacion,BS IAM,1,Other
2026-4630,Daphne,Santiago,BS Mar,2,Male
2026-4631,Joy,Padilla,BS Math,3,Female
2026-4632,Dylan,Yason,BS Physics,4,Other
2026-4633,Paolo,Osorio,BS Stat,1,Male
2026-4634,Martin,Villanueva,BSA,2,Female
2026-4635,Shiela,Osorio,BSBA-BE,3,Other
2026-4636,Jose,Isidro,BSBA-MM,4,Male
2026-4637,Faith,Jalandoni,BSCE,1,Female
2026-4638,Ian,Salvacion,BSCE,2,Other
2026-4639,Mark,Magtibay,BSCS,3,Male
2026-4640,Leah,Javier,BSCerE,4,Female
2026-4641,Dylan,Khan,BSChE,1,Other
2026-4642,Roderick,Neri,BSCpE,2,Male
2026-4643,Valerie,Abad,BSECE,3,Female
2026-4644,Tessa,Inocencio,BSEE,4,Other
2026-4645,Maria,Enriquez,BSEME,1,Male
2026-4646,Simon,Kasim,BSENTREP,2,Female
2026-4647,Celeste,Benedicto,BSEnE,3,Other
2026-4648,Valerie,Isidro,BSIS,4,Male
2026-4649,Dominic,Reyes,BSIT,1,Female
2026-4650,Neil,Aquino,BSME,2,Other
2026-4651,Wilma,Enriquez,BSMEE,3,Male
2026-4652,Ella,Magtibay,BSMetE,4,Female
2026-4653,Uriel,Herrera,BSCE,1,Other
2026-4654,Janice,Razon,BSPhil,2,Male
2026-4655,Yvette,Hilario,BSPsych,3,Female
2026-4656,Orlando,Abad,BA Fil,4,Other
2026-4657,Carmen,Madrigal,BA His,1,Male
2026-4658,Cedric,Ablaza,BA Pan,2,Female
2026-4659,Ophelia,Quinto,BA PoS,3,Other
2026-4660,Olivia,Domingo,BA Psych,4,Male
2026-4661,Giselle,San Jose,BA Soc,1,Female
2026-4662,Shiela,Gonzales,BAELS,2,Other
2026-4663,Shiela,Soriano,BALCS,3,Male
2026-4664,Ana,Gonzales,BET-CET,4,Female
2026-4665,Lourdes,Hernando,BET-ChET,1,Other
2026-4666,Althea,Gatdula,BET-EET,2,Male
2026-4667,Angela,Manalo,BET-EST,3,Female
2026-4668,Naomi,Pineda,BET-MET,4,Other
2026-4669,Yana,Ilagan,BET-MMT,1,Male
2026-4670,Eric,Tagle,BS Applied Physics,2,Female
2026-4671,Isagani,Cayetano,BS Bio-Animal Biology,3,Other
2026-4672,Althea,Isidro,BS Bio-Biodiversity,4,Male
2026-4673,Ophelia,Isidro,BS Bio-Microbiology,1,Female
2026-4674,Paolo,Abad,BS Bio-Plant Biology,2,Other
2026-4675,Victor,Yap,BS Chem,3,Male
2026-4676,Kenneth,Hernandez,BS Econ,4,Female
2026-4677,Bianca,Fernandez,BS HM,1,Other
2026-4678,Kevin,Hernandez,BS IAM,2,Male
2026-4679,Tristan,Perez,BS Mar,3,Female
2026-4680,Mark,Perez,BS Math,4,Other
2026-4681,Tessa,Morales,BS Physics,1,Male
2026-4682,Samuel,Nolasco,BS Stat,2,Female
2026-4683,Olivia,Paredes,BSA,3,Other
2026-4684,Janice,Yap,BSBA-BE,4,Male
2026-4685,Neil,Sison,BSBA-MM,1,Female
2026-4686,Carmen,Sison,BSCE,2,Other
2026-4687,Andrea,Pineda,BSCE,3,Male
2026-4688,Finn,Fuentes,BSCS,4,Female
2026-4689,Paula,Gatchalian,BSCerE,1,Other
2026-4690,Naomi,Fuentes,BSChE,2,Male
2026-4691,Gabriel,Zulueta,BSCpE,3,Female
2026-4692,Isabella,Herrera,BSECE,4,Other
2026-4693,Adrian,Lopez,BSEE,1,Male
2026-4694,Mila,Cabrera,BSEME,2,Female
2026-4695,Nestor,Inocencio,BSENTREP,3,Other
2026-4696,Paula,Hilario,BSEnE,4,Male
2026-4697,Daniel,Razon,BSIS,1,Female
2026-4698,Lara,Dela Cruz,BSIT,2,Other
2026-4699,Kenneth,Lopez,BSME,3,Male
2026-4700,Finn,Neri,BSMEE,4,Female
2026-4701,Jasmine,Dizon,BSMetE,1,Other
2026-4702,Jared,Quiambao,BSCE,2,Male
2026-4703,Maya,Baldwin,BSPhil,3,Female
2026-4704,Clara,Ortega,BSPsych,4,Other
2026-4705,Ramon,Razon,BA Fil,1,Male
2026-4706,Ana,Yabut,BA His,2,Female
2026-4707,Carlo,Hernandez,BA Pan,3,Other
2026-4708,Ursula,Dela Cruz,BA PoS,4,Male
2026-4709,Ramon,Ilagan,BA Psych,1,Female
2026-4710,Marnie,Rosales,BA Soc,2,Other
2026-4711,Karl,Soriano,BAELS,3,Male
2026-4712,Lina,Osorio,BALCS,4,Female
2026-4713,Dylan,Quisumbing,BET-CET,1,Other
2026-4714,Wilma,Gonzales,BET-ChET,2,Male
2026-4715,Hazel,Padilla,BET-EET,3,Female
2026-4716,Bella,Santos,BET-EST,4,Other
2026-4717,Juan,Fernandez,BET-MET,1,Male
2026-4718,Hannah,Serrano,BET-MMT,2,Female
2026-4719,Cedric,Alvarez,BS Applied Physics,3,Other
2026-4720,Patricia,Hidalgo,BS Bio-Animal Biology,4,Male
2026-4721,Christian,Zamora,BS Bio-Biodiversity,1,Female
2026-4722,Vincent,Valencia,BS Bio-Microbiology,2,Other
2026-4723,Isabella,Cruz,BS Bio-Plant Biology,3,Male
2026-4724,Simon,Dizon,BS Chem,4,Female
2026-4725,Frances,Co,BS Econ,1,Other
2026-4726,Lourdes,Hernandez,BS HM,2,Male
2026-4727,Naomi,De Vera,BS IAM,3,Female
2026-4728,Dylan,Estrella,BS Mar,4,Other
2026-4729,Ariana,Hernandez,BS Math,1,Male
2026-4730,Heidi,Morales,BS Physics,2,Female
2026-4731,Naomi,Morales,BS Stat,3,Other
2026-4732,Faye,Samson,BSA,4,Male
2026-4733,Perry,Sanchez,BSBA-BE,1,Female
2026-4734,Elena,Yap,BSBA-MM,2,Other
2026-4735,Nathan,Bautista,BSCE,3,Male
2026-4736,Patricia,Lacsamana,BSCE,4,Female
2026-4737,Nina,Manalo,BSCS,1,Other
2026-4738,Jasmine,Torres,BSCerE,2,Male
2026-4739,Clara,Jalandoni,BSChE,3,Female
2026-4740,Sebastian,David,BSCpE,4,Other
2026-4741,Leo,Castillo,BSECE,1,Male
2026-4742,Nicole,De Leon,BSEE,2,Female
2026-4743,Nestor,Zulueta,BSEME,3,Other
2026-4744,Ariel,Sison,BSENTREP,4,Male
2026-4745,Frances,Quinto,BSEnE,1,Female
2026-4746,Olivia,Sanchez,BSIS,2,Other
2026-4747,Yvonne,Baldwin,BSIT,3,Male
2026-4748,Nicole,Rivera,BSME,4,Female
2026-4749,Enzo,Guevara,BSMEE,1,Other
2026-4750,Luis,Ocampo,BSMetE,2,Male
2026-4751,Isabella,Valencia,BSCE,3,Female
2026-4752,Gabriel,Espinosa,BSPhil,4,Other
2026-4753,Quinn,Kasim,BSPsych,1,Male
2026-4754,Ariana,Guevara,BA Fil,2,Female
2026-4755,Noah,Calixto,BA His,3,Other
2026-4756,Daniel,Velez,BA Pan,4,Male
2026-4757,Vincent,Roxas,BA PoS,1,Female
2026-4758,Angela,Razon,BA Psych,2,Other
2026-4759,Valerie,Luna,BA Soc,3,Male
2026-4760,Tobias,Lopez,BAELS,4,Female
2026-4761,Paolo,Salvacion,BALCS,1,Other
2026-4762,Dominic,Umali,BET-CET,2,Male
2026-4763,Ethan,Co,BET-ChET,3,Female
2026-4764,Rafael,Ramos,BET-EET,4,Other
2026-4765,Lourdes,Isidro,BET-EST,1,Male
2026-4766,Lourdes,Salazar,BET-MET,2,Female
2026-4767,Tobias,Wong,BET-MMT,3,Other
2026-4768,Finn,Gatdula,BS Applied Physics,4,Male
2026-4769,Nathan,Kasim,BS Bio-Animal Biology,1,Female
2026-4770,Miguel,Yabut,BS Bio-Biodiversity,2,Other
2026-4771,Diana,Diaz,BS Bio-Microbiology,3,Male
2026-4772,Ryan,Enriquez,BS Bio-Plant Biology,4,Female
2026-4773,Adrian,Belen,BS Chem,1,Other
2026-4774,Yvette,Cruz,BS Econ,2,Male
2026-4775,Wesley,Domingo,BS HM,3,Female
2026-4776,Victor,Isidro,BS IAM,4,Other
2026-4777,Ryan,Quijano,BS Mar,1,Male
2026-4778,Ivan,Abad,BS Math,2,Female
2026-4779,Bella,Gonzales,BS Physics,3,Other
2026-4780,Vera,Hidalgo,BS Stat,4,Male
2026-4781,Vincent,Natividad,BSA,1,Female
2026-4782,Hector,Santos,BSBA-BE,2,Other
2026-4783,Emilio,Jalandoni,BSBA-MM,3,Male
2026-4784,Daphne,Fuentes,BSCE,4,Female
2026-4785,Diana,Serrano,BSCE,1,Other
2026-4786,Isabella,Domingo,BSCS,2,Male
2026-4787,Liam,Inocencio,BSCerE,3,Female
2026-4788,Isabella,Lim,BSChE,4,Other
2026-4789,Leah,Sison,BSCpE,1,Male
2026-4790,Althea,Quiambao,BSECE,2,Female
2026-4791,George,Serrano,BSEE,3,Other
2026-4792,Queenie,Ferrer,BSEME,4,Male
2026-4793,Sebastian,Hidalgo,BSENTREP,1,Female
2026-4794,Quinn,Hernandez,BSEnE,2,Other
2026-4795,Ivan,Samson,BSIS,3,Male
2026-4796,Adrian,Rosales,BSIT,4,Female
2026-4797,Ursula,Sanchez,BSME,1,Other
2026-4798,Giselle,Estrada,BSMEE,2,Male
2026-4799,Aiden,Reyes,BSMetE,3,Female
2026-4800,Hannah,Mendoza,BSCE,4,Other
2026-4801,Tessa,Paredes,BSPhil,1,Male
2026-4802,Celeste,Macaraeg,BSPsych,2,Female
2026-4803,Uriel,Delos Santos,BA Fil,3,Other
2026-4804,Selena,Valdez,BA His,4,Male
2026-4805,Hector,Valdez,BA Pan,1,Female
2026-4806,Rita,Natividad,BA PoS,2,Other
2026-4807,Leo,Villanueva,BA Psych,3,Male
2026-4808,Shiela,Rivera,BA Soc,4,Female
2026-4809,Ryan,Tiongson,BAELS,1,Other
2026-4810,Vincent,Aquino,BALCS,2,Male
2026-4811,Karl,Rivera,BET-CET,3,Female
2026-4812,Irene,Domingo,BET-ChET,4,Other
2026-4813,Ramon,Quinto,BET-EET,1,Male
2026-4814,Wilma,Bernardo,BET-EST,2,Female
2026-4815,Nicole,Ong,BET-MET,3,Other
2026-4816,Patrick,Bermudez,BET-MMT,4,Male
2026-4817,Neil,Abad,BS Applied Physics,1,Female
2026-4818,Ana,Enriquez,BS Bio-Animal Biology,2,Other
2026-4819,Emilio,Torres,BS Bio-Biodiversity,3,Male
2026-4820,Liam,Ibrahim,BS Bio-Microbiology,4,Female
2026-4821,Ivan,Perez,BS Bio-Plant Biology,1,Other
2026-4822,Dylan,Hidalgo,BS Chem,2,Male
2026-4823,Celeste,Roxas,BS Econ,3,Female
2026-4824,Grace,Rivera,BS HM,4,Other
2026-4825,Ursula,Sison,BS IAM,1,Male
2026-4826,Paolo,Benedicto,BS Mar,2,Female
2026-4827,Ivan,Ortega,BS Math,3,Other
2026-4828,Brian,Enriquez,BS Physics,4,Male
2026-4829,Grace,Uy,BS Stat,1,Female
2026-4830,Wendy,Natividad,BSA,2,Other
2026-4831,Hector,Luna,BSBA-BE,3,Male
2026-4832,Wilma,Nolasco,BSBA-MM,4,Female
2026-4833,Naomi,Bernardo,BSCE,1,Other
2026-4834,Andrea,Tagle,BSCE,2,Male
2026-4835,Ursula,Hernando,BSCS,3,Female
2026-4836,Faith,Cruz,BSCerE,4,Other
2026-4837,Clara,Urbano,BSChE,1,Male
2026-4838,Shiela,Aguilar,BSCpE,2,Female
2026-4839,Karl,Valencia,BSECE,3,Other
2026-4840,Naomi,Uy,BSEE,4,Male
2026-4841,Karl,Salvacion,BSEME,1,Female
2026-4842,Monica,Yabut,BSENTREP,2,Other
2026-4843,Juan,Urbano,BSEnE,3,Male
2026-4844,Tobias,Dizon,BSIS,4,Female
2026-4845,Isabella,Urbano,BSIT,1,Other
2026-4846,Arman,Aquino,BSME,2,Male
2026-4847,Juan,Kabiling,BSMEE,3,Female
2026-4848,Lina,Bautista,BSMetE,4,Other
2026-4849,Brenda,Padilla,BSCE,1,Male
2026-4850,Ophelia,Jalandoni,BSPhil,2,Female
2026-4851,Yana,Uy,BSPsych,3,Other
2026-4852,Sebastian,Guevara,BA Fil,4,Male
2026-4853,Isabella,Nguyen,BA His,1,Female
2026-4854,Arman,Yason,BA Pan,2,Other
2026-4855,Clara,Razon,BA PoS,3,Male
2026-4856,Vera,Calderon,BA Psych,4,Female
2026-4857,Samuel,Luna,BA Soc,1,Other
2026-4858,Ramon,Espinosa,BAELS,2,Male
2026-4859,Vincent,Tiongson,BALCS,3,Female
2026-4860,Nathan,Aquino,BET-CET,4,Other
2026-4861,Ophelia,Jacinto,BET-ChET,1,Male
2026-4862,Dylan,Umali,BET-EET,2,Female
2026-4863,Wendy,Yabut,BET-EST,3,Other
2026-4864,Gavin,Urbano,BET-MET,4,Male
2026-4865,Mark,Salvacion,BET-MMT,1,Female
2026-4866,Mila,Tagle,BS Applied Physics,2,Other
2026-4867,Ethan,Quinto,BS Bio-Animal Biology,3,Male
2026-4868,Ethan,Guevara,BS Bio-Biodiversity,4,Female
2026-4869,Yvonne,Mendoza,BS Bio-Microbiology,1,Other
2026-4870,Lina,Macaraeg,BS Bio-Plant Biology,2,Male
2026-4871,Brenda,Kabiling,BS Chem,3,Female
2026-4872,Gabriel,Tan,BS Econ,4,Other
2026-4873,Adrian,Paredes,BS HM,1,Male
2026-4874,Ian,Jacinto,BS IAM,2,Female
2026-4875,Hazel,Romero,BS Mar,3,Other
2026-4876,Dominic,Dela Cruz,BS Math,4,Male
2026-4877,Patrick,Rivera,BS Physics,1,Female
2026-4878,Ryan,Wong,BS Stat,2,Other
2026-4879,George,Zulueta,BSA,3,Male
2026-4880,Yvette,Ibrahim,BSBA-BE,4,Female
2026-4881,Ian,Fuentes,BSBA-MM,1,Other
2026-4882,Orlando,Wong,BSCE,2,Male
2026-4883,Enzo,Yabut,BSCE,3,Female
2026-4884,Ariana,De Vera,BSCS,4,Other
2026-4885,Frances,Nolasco,BSCerE,1,Male
2026-4886,Rafael,Soriano,BSChE,2,Female
2026-4887,Nina,Jalandoni,BSCpE,3,Other
2026-4888,Frances,Salvacion,BSECE,4,Male
2026-4889,Kevin,Serrano,BSEE,1,Female
2026-4890,Kevin,Lim,BSEME,2,Other
2026-4891,Clara,Guevara,BSENTREP,3,Male
2026-4892,Nina,Zamora,BSEnE,4,Female
2026-4893,Eric,Urbano,BSIS,1,Other
2026-4894,Victor,Luna,BSIT,2,Male
2026-4895,Dylan,Hilario,BSME,3,Female
2026-4896,Ophelia,Inocencio,BSMEE,4,Other
2026-4897,Zoe,Serrano,BSMetE,1,Male
2026-4898,Joshua,Romero,BSCE,2,Female
2026-4899,Naomi,Luna,BSPhil,3,Other
2026-4900,Ella,Soriano,BSPsych,4,Male
2026-4901,Denise,Yason,BA Fil,1,Female
2026-4902,Quinn,Quijano,BA His,2,Other
2026-4903,Isabella,Navarro,BA Pan,3,Male
2026-4904,Ophelia,Bernardo,BA PoS,4,Female
2026-4905,Gavin,Co,BA Psych,1,Other
2026-4906,Queenie,Jacinto,BA Soc,2,Male
2026-4907,Sofia,Delos Santos,BAELS,3,Female
2026-4908,Shiela,Valencia,BALCS,4,Other
2026-4909,Elena,Castillo,BET-CET,1,Male
2026-4910,Zion,Ibrahim,BET-ChET,2,Female
2026-4911,Nestor,Castillo,BET-EET,3,Other
2026-4912,Alyssa,Serrano,BET-EST,4,Male
2026-4913,Faye,Lim,BET-MET,1,Female
2026-4914,Enzo,Magtibay,BET-MMT,2,Other
2026-4915,Nestor,Umali,BS Applied Physics,3,Male
2026-4916,Aiden,Samson,BS Bio-Animal Biology,4,Female
2026-4917,Ian,De Leon,BS Bio-Biodiversity,1,Other
2026-4918,Perry,Cruz,BS Bio-Microbiology,2,Male
2026-4919,Patricia,Romero,BS Bio-Plant Biology,3,Female
2026-4920,Elena,Quisumbing,BS Chem,4,Other
2026-4921,Nicole,Diaz,BS Econ,1,Male
2026-4922,Ulysses,Lim,BS HM,2,Female
2026-4923,Selena,Herrera,BS IAM,3,Other
2026-4924,Elias,Hilario,BS Mar,4,Male
2026-4925,Ariana,Fuentes,BS Math,1,Female
2026-4926,Dominic,Velez,BS Physics,2,Other
2026-4927,Olivia,Morales,BS Stat,3,Male
2026-4928,Ivan,Hidalgo,BSA,4,Female
2026-4929,Perry,Aquino,BSBA-BE,1,Other
2026-4930,Maya,Ortega,BSBA-MM,2,Male
2026-4931,Kevin,Kara,BSCE,3,Female
2026-4932,Mark,Javier,BSCE,4,Other
2026-4933,Mia,Mercado,BSCS,1,Male
2026-4934,Leah,Khan,BSCerE,2,Female
2026-4935,Adrian,Quinones,BSChE,3,Other
2026-4936,Rafael,Bautista,BSCpE,4,Male
2026-4937,Cyrus,Calixto,BSECE,1,Female
2026-4938,Clara,Wong,BSEE,2,Other
2026-4939,Faye,Padilla,BSEME,3,Male
2026-4940,Marnie,Tan,BSENTREP,4,Female
2026-4941,Noah,Natividad,BSEnE,1,Other
2026-4942,Martin,Osorio,BSIS,2,Male
2026-4943,Nathan,Sison,BSIT,3,Female
2026-4944,Ella,Macaraeg,BSME,4,Other
2026-4945,Celeste,Joaquin,BSMEE,1,Male
2026-4946,Hector,Domingo,BSMetE,2,Female
2026-4947,Aiden,Jacinto,BSCE,3,Other
2026-4948,Jared,Quinones,BSPhil,4,Male
2026-4949,Uriel,Padilla,BSPsych,1,Female
2026-4950,Lina,Delos Santos,BA Fil,2,Other
2026-4951,Joy,Gutierrez,BA His,3,Male
2026-4952,Cedric,Flores,BA Pan,4,Female
2026-4953,Frances,Belen,BA PoS,1,Other
2026-4954,Leah,Bermudez,BA Psych,2,Male
2026-4955,Miguel,Aquino,BA Soc,3,Female
2026-4956,Carmen,Lim,BAELS,4,Other
2026-4957,Marnie,Hilario,BALCS,1,Male
2026-4958,Hazel,Kabiling,BET-CET,2,Female
2026-4959,Juan,Ferrer,BET-ChET,3,Other
2026-4960,Ariel,Neri,BET-EET,4,Male
2026-4961,Tobias,Salazar,BET-EST,1,Female
2026-4962,Rita,Luna,BET-MET,2,Other
2026-4963,Quinn,Pineda,BET-MMT,3,Male
2026-4964,Zoe,Morales,BS Applied Physics,4,Female
2026-4965,Aiden,Valencia,BS Bio-Animal Biology,1,Other
2026-4966,Zoe,Romero,BS Bio-Biodiversity,2,Male
2026-4967,Rita,Torres,BS Bio-Microbiology,3,Female
2026-4968,Irene,Villanueva,BS Bio-Plant Biology,4,Other
2026-4969,Orlando,Isidro,BS Chem,1,Male
2026-4970,Daniel,Calderon,BS Econ,2,Female
2026-4971,Simon,Domingo,BS HM,3,Other
2026-4972,Zoe,Jalandoni,BS IAM,4,Male
2026-4973,Ethan,Rivera,BS Mar,1,Female
2026-4974,Mila,Guevara,BS Math,2,Other
2026-4975,Elias,Zulueta,BS Physics,3,Male
2026-4976,Ulysses,Rivera,BS Stat,4,Female
2026-4977,Ana,Sison,BSA,1,Other
2026-4978,Christian,Ablaza,BSBA-BE,2,Male
2026-4979,Mark,Abad,BSBA-MM,3,Female
2026-4980,Jasmine,Gonzales,BSCE,4,Other
2026-4981,Elias,Razon,BSCE,1,Male
2026-4982,George,Luna,BSCS,2,Female
2026-4983,Irene,Gatchalian,BSCerE,3,Other
2026-4984,Leah,Benedicto,BSChE,4,Male
2026-4985,Ulysses,Estrella,BSCpE,1,Female
2026-4986,Denise,Roxas,BSECE,2,Other
2026-4987,Faye,Mendoza,BSEE,3,Male
2026-4988,Lara,Salvacion,BSEME,4,Female
2026-4989,Xavier,Umali,BSENTREP,1,Other
2026-4990,Maria,Guevara,BSEnE,2,Male
2026-4991,Karl,Bermudez,BSIS,3,Female
2026-4992,Leah,Manansala,BSIT,4,Other
2026-4993,Marnie,Quinto,BSME,1,Male
2026-4994,Vincent,Hidalgo,BSMEE,2,Female
2026-4995,Frances,Yap,BSMetE,3,Other
2026-4996,Patricia,Herrera,BSCE,4,Male
2026-4997,Elias,Garcia,BSPhil,1,Female
2026-4998,Giselle,Gutierrez,BSPsych,2,Other
2026-4999,Quinn,Umali,BA Fil,3,Male
2026-5000,Zion,David,BA His,4,Female
2024-0001,Michael Andre,Novela,BSCE,1,Other
2022-0001,Casimir Elija,Bajarla,BSCS,4,Male
2023-0452,Reign,Mejia,BSIT,3,Female
2023-1122,Jelian,Abanador,BSBA-MM,2,Female
2024-0099,Jenard,Daquiz,BSCS,1,Male
2024-5544,Stefhany Joy,Abrajano,BSBA-MM,2,Female
2024-9999,Raven Joy,Avenido,BSIT,2,Female
2024-1328,Michael Andre,Novela,BSCS,2,Male
2023-2321,Hans,Mundo,BSCS,3,Male
2023-1232,Gabriel,Ramirez,BSCS,3,Male
2023-1231,Amin,Casan,BSIS,3,Male
2024-1323,Andrea May,Avila,BSBA-MM,2,Female
2019-3452,Thandi,Rogers,BPEd,4,Male
2023-3391,Vel,Musa,BSIT,2,Other
2024-8268,Hope,Kumar,BSECE,4,Female
2022-1939,Emily,Wright,BTLEd-IA,2,Male
2024-9093,Rex,Magno,BS Math,3,Female
2024-7402,Amanda,Macaraeg,BSN,4,Male
2025-5992,Paul,Ramos,BEEd-LE,2,Female
2022-1963,Rachel,Xavier,BAELS,4,Female
2025-4163,Eduardo,Abante,BSEd-Math,2,Female
2020-0550,Zara,Baker,BSChE,4,Female
2022-6170,Amelia,Ocampo,BALCS,4,Female
2022-6623,Rafael,Bautista,BTLEd-IA,2,Female
2019-0129,Juan,Kelly,BSCpE,4,Male
2024-6944,John,San Jose,BALCS,2,Female
2024-9012,Ivan,Yap,BS IAM,3,Female
2022-6213,Camila,Lim,BSN,2,Female
2024-8369,Nhlanhla,Robinson,BA His,4,Male
2022-3901,Roger,Delos Santos,BSMEE,1,Male
2022-0914,Ralph,Recto,BET-EET,3,Female
2019-4122,Dmitri,Aquino,BEEd-SM,1,Female
2024-2292,Elena,Gupta,BTLEd-IA,1,Male
2020-7212,Helen,Barnes,BET-ChET,4,Female
2024-9732,Chen,Cooper,BSPhil,1,Male
2023-6701,Nadia,Morales,BSCA,1,Female
2025-7372,Precious,Walker,BS HM,4,Male
2025-2284,Elijah,Salvacion,BSEd-Bio,1,Male
2020-0468,Hana,De Castro,BET-CET,2,Other
2020-1806,Bel,Roberts,BET-EST,3,Male
2022-5113,Aiko,Brown,BEEd-LE,4,Male
2024-1599,Gloria,Peterson,BEEd-SM,4,Male
2024-0407,Rex,Garcia,BSEd-Math,3,Male
2021-2317,Nisha,Wilson,BS HM,4,Female
2021-9088,Sandra,Yoon,BS Bio-Biodiversity,2,Female
2025-3130,Daiki,Dela Cruz,BSA,1,Male
2023-7102,Sandra,Catapang,BS Mar,2,Male
2024-2328,Jessica,Aguilar,BS Physics,4,Male
2022-0025,Chen,Carter,BSEd-Math,2,Female
2023-5625,Isabella,Delos Santos,BET-CET,1,Female
2022-8843,Hassan,Thompson,BTVTEd-DT,4,Female
2024-4938,Natasha,Carter,BA Soc,2,Female
2020-7497,Robert,Adeyemi,BSN,4,Male
2022-8756,Rohan,King,BS Physics,1,Female
2021-7173,Sofia,Garcia,BA Pan,3,Female
2021-1449,John,James,BSA,4,Female
2022-6156,Hassan,Rogers,BSEd-Math,1,Female
2024-5134,Lin,Afolabi,BSCpE,3,Male
2019-4827,Fernando,Murphy,BET-EET,3,Male
2025-1145,Oliver,Reddy,BET-CET,3,Male
2022-5100,Camila,Panganiban,BAELS,1,Male
2019-3188,Kenneth,Parker,BA PoS,2,Female
2021-0330,Yang,Parker,BS Econ,4,Female
2022-8114,Kenji,Yoon,BA Soc,4,Male
2024-3977,Layla,Nwosu,BET-EST,1,Female
2019-6141,Shreya,Han,BSCA,1,Female
2022-2243,Sarah,Nkosi,BTVTEd-DT,3,Male
2023-9731,Ren,Campbell,BSBA-MM,2,Female
2024-4822,Ricardo,Lopez,BEEd-LE,3,Male
2022-2936,Kwame,Sanchez,BSBA-BE,1,Female
2023-1309,Fiifi,Yoshida,BSBA-MM,2,Female
2020-6234,Sofia,Wenceslao,BSEd-Fil,4,Male
2025-4648,Fang,Reddy,BTVTEd-DT,1,Male
2025-9963,Arjun,Xavier,BSBA-BE,4,Female
2025-3280,Del,Bernardo,BSCpE,3,Male
2024-9156,Roy,Brown,BSBA-BE,4,Male
2019-7561,Fel,Dela Cruz,BEEd-SM,4,Female
2023-2415,Stephanie,Murphy,BEEd-SM,3,Male
2022-8070,Lucia,Gray,BSEE,4,Male
2022-0717,Sara,Thomas,BSMetE,4,Male
2019-5032,Camila,Roxas,BS Bio-Animal Biology,4,Female
2024-6759,Stephanie,Hernandez,BS HM,1,Male
2019-3294,Ren,Kumar,BA Soc,3,Female
2019-6151,Lisa,Zwane,BET-ChET,4,Male
2025-5110,Sipho,Okonkwo,BSEd-Chem,4,Female
2021-1208,Del,San Jose,BET-EST,1,Female
2021-3085,Gabriela,Brown,BSIS,1,Female
2025-0071,Betty,Adeyemi,BS Mar,1,Female
2022-5629,Bongani,Garcia,BS HM,1,Female
2019-3114,Yang,Collins,BSEd-Phys,1,Female
2022-4183,Sergei,Sanders,BS HM,1,Female
2020-1713,Aditya,Roxas,BSMEE,4,Female
2025-1793,Pablo,Shah,BS Bio-Biodiversity,2,Female
2023-8145,Amelia,Martin,BALCS,4,Female
2022-4172,Arjun,Jones,BS Applied Physics,1,Male
2022-5716,Ananya,Enrile,BSCE,3,Male
2024-9014,Amelia,Joshi,BSN,2,Female
2025-4858,Randy,Delos Santos,BSEd-Math,4,Female
2022-3977,Jose,Cele,BSN,2,Male
2023-2030,Antonio,Ibrahim,BSME,2,Female
2019-6658,Mei,Lacson,BSME,4,Female
2019-9094,Ava,Lewis,BSPsych,4,Male
2020-9215,Kwame,Wilson,BS Mar,3,Male
2021-3214,Hui,Garcia,BSEE,3,Female
2025-1359,Takeshi,Taylor,BSEd-Phys,2,Male
2021-5422,Diego,Mendoza,BSPsych,3,Female
2020-8556,Yang,Tamayo,BSCS,1,Male
2025-4750,Ana,Adeyemi,BS Bio-Plant Biology,4,Female
2023-4993,Xiao,Martin,BSEME,1,Female
2025-5965,Kwame,Turner,BS Physics,4,Male
2023-9029,Maria,Peterson,BA Fil,4,Female
2024-6989,Charlotte,Gupta,BS Bio-Plant Biology,1,Female
2019-4805,Jose,Bennett,BA PoS,2,Male
2024-3467,Hassan,Ward,BSBA-MM,4,Female
2022-6367,Carlo,Bennett,BTLEd-HE,4,Male
2024-7853,Nokwanda,Murphy,BSMEE,1,Male
2021-5946,Nozomi,Lim,BTLEd-IA,1,Female
2024-4064,Brian,Gonzales,BS Physics,1,Male
2024-6206,Ama,Macaraeg,BA PoS,4,Female
2022-7490,Fatima,Yoshida,BALCS,4,Female
2025-7956,Sandra,Santos,BSA,4,Male
2021-4587,Gloria,Del Rosario,BS IAM,4,Female
2021-5917,Marco,Ibrahim,BA PoS,4,Female
2025-3319,Sakura,Roberts,BSME,4,Female
2025-9781,Rafael,Jung,BSEnE,2,Female
2021-0600,Thandi,Phillips,BS Bio-Plant Biology,4,Male
2023-4727,Rachel,Young,BET-EST,3,Male
2023-5190,Jessica,Nakamura,BA Psych,3,Female
2020-5944,Sel,Gonzalez,BS Math,1,Male
2020-2106,Gabriela,Panganiban,BTLEd-IA,3,Male
2023-7588,Brian,Shah,BSCE,3,Female
2021-6378,William,Musa,BET-MET,4,Male
2023-0971,Divine,Hill,BET-MET,4,Female
2023-4088,Tatiana,Smith,BS Chem,1,Female
2019-6637,Zanele,Park,BPEd,4,Female
2025-7338,Ralph,San Jose,BPEd,1,Male
2022-7197,Diego,Sanchez,BS Econ,2,Male
2024-8377,Antonio,Eze,BS IAM,1,Male
2024-7361,Juan,Hernandez,BSCE,1,Male
2024-8807,Raj,Suzuki,BAELS,2,Female
2021-7905,William,Zwane,BSEnE,4,Female
2023-5496,Ron,Garcia,BSPhil,4,Female
2022-0917,Mel,Kim,BSChE,4,Male
2021-8534,Marco,Cruz,BA Fil,4,Female
2020-8200,Ama,Campbell,BS Econ,3,Female
2019-0193,Vel,De Guzman,BSEd-Phys,1,Male
2022-2214,Raj,Hill,BS Econ,1,Female
2019-5282,Choi,De Guzman,BS Math,1,Female
2020-5303,Sofia,Wenceslao,BSMetE,4,Female
2019-3370,Hope,Martin,BSPsych,1,Male
2025-9628,Adwoa,Taylor,BA Fil,1,Male
2022-7453,Sandra,Shah,BTLEd-IA,3,Female
2020-8572,Shin,James,BEEd-SM,2,Female
2019-0833,Monica,Mabuza,BSENTREP,3,Other
2021-0898,Zara,Anderson,BTLEd-IA,4,Female
2025-0315,Yuki,Brown,BSEd-Phys,4,Female
2022-2895,Yang,Quiambao,BET-MET,2,Female
2020-6422,Jose,Torres,BS Bio-Plant Biology,3,Male
2025-4053,Jun,Obligacion,BS IAM,3,Female
2025-5400,Choi,Ross,BSCS,4,Female
2021-4125,Jennifer,Yap,BSENTREP,1,Female
2022-3600,Roberto,Cele,BEEd-SM,4,Male
2021-8997,Jessica,Bello,BS Math,2,Male
2022-5149,Shin,Delos Santos,BA Psych,3,Male
2021-2977,Noah,Lacson,BA Soc,1,Female
2023-3091,Tatiana,Rivera,BSMEE,1,Male
2022-1423,Nomsa,Santos,BSECE,4,Male
2025-5645,Amelia,Perez,BSEd-Fil,4,Male
2025-5093,Rachel,Robinson,BEEd-LE,3,Female
2023-9818,Yang,Kim,BSCS,1,Female
2025-7658,Joseph,Tamayo,BSIS,4,Female
2023-8630,Helen,King,BET-MMT,3,Female
2019-5183,Takeshi,Navarro,BA Soc,3,Female
2025-8417,Kenneth,Reed,BSPhil,2,Female
2019-3597,Daiki,De Guzman,BSEnE,2,Female
2025-5709,Efua,Howard,BSEd-Bio,4,Male
2021-2310,Isabella,Reed,BSA,2,Male
2021-8179,Amelia,Sato,BSCA,2,Male
2021-0449,Yaw,Anderson,BET-MET,1,Female
2024-7730,Elena,Xavier,BSENTREP,4,Female
2025-3387,Wei,Harris,BET-MET,4,Male
2019-8972,Monica,Price,BTVTEd-DT,4,Male
2023-1749,George,Gray,BSCA,4,Female
2023-6034,Thandi,Watanabe,BSCS,3,Male
2019-6046,Aditya,Cooper,BSCpE,2,Male
2023-4963,Pablo,Torres,BSMEE,2,Female
2025-6023,Akua,Jung,BSMEE,3,Male
2020-5686,Fel,Mabuza,BSPhil,3,Female
2025-6141,Andrei,De Jesus,BSCpE,4,Male
2025-4255,Vel,Nair,BSEd-Chem,2,Male
2023-7112,Tatiana,Yap,BS Mar,3,Female
2019-4645,Layla,Macaraeg,BA PoS,4,Female
2021-8450,Ralph,Valdez,BS Bio-Biodiversity,3,Male
2025-8810,Irina,Gonzales,BSChE,3,Female
2022-2368,Paul,Reyes,BSEME,2,Male
2019-9526,Amelia,Enrile,BA Pan,4,Female
2021-5724,Jun,Villanueva,BS Bio-Biodiversity,2,Male
2019-1784,Raj,Yamamoto,BSECE,4,Female
2024-3251,Nel,Tanaka,BET-EST,1,Male
2019-5509,Thandi,Williams,BA Pan,4,Male
2019-0065,Nadia,Sato,BSIS,4,Female
2024-3685,Barbara,Musa,BET-EST,1,Female
2019-7682,Lungelo,Howard,BET-CET,2,Male
2024-7128,Abena,Nwosu,BSCerE,4,Female
2025-1704,Ryota,Lopez,BSEd-Fil,1,Female
2020-4804,Liam,Kobayashi,BS HM,4,Female
2023-2895,Precious,Brown,BS Applied Physics,4,Male
2020-9036,Richard,Kumar,BS HM,4,Male
2021-5637,Fang,Davis,BS IAM,1,Male
2020-6761,Ama,Parker,BPEd,4,Male
2020-3913,Ling,Roberts,BA His,4,Male
2024-6054,Olivia,James,BSECE,3,Male
2025-7950,Lucia,Afolabi,BET-EET,3,Male
2019-3813,Del,Parker,BSIS,4,Female
2025-7035,Lim,Ramirez,BSCerE,2,Male
2020-3413,Sofia,Han,BS Mar,4,Female
2020-8099,Cel,De Castro,BSEd-Bio,1,Male
2020-6082,Mel,Morales,BSBA-MM,4,Female
2021-2526,Linda,Abante,BS Bio-Microbiology,1,Male
2020-4531,Abena,Martinez,BSMetE,4,Female
2023-0143,Yusuf,Hernandez,BA Psych,4,Male
2024-7529,Cel,Flores,BS Mar,3,Female
2022-9425,Sofia,Gutierrez,BSCS,1,Male
2023-5114,Kevin,Kelly,BTLEd-HE,4,Female
2020-7063,Raj,Ilagan,BSENTREP,4,Female
2022-0708,Ahmed,Hernandez,BS Bio-Animal Biology,2,Female
2023-5608,Nel,Nxumalo,BSEd-Bio,4,Female
2021-9569,Jason,Hernandez,BS Math,2,Female
2019-9154,Lungelo,Stewart,BS Bio-Microbiology,2,Male
2019-4790,Mei,Bello,BEEd-LE,3,Female
2024-6008,Rex,Miller,BS Bio-Microbiology,2,Male
2020-4418,Yaw,Nxumalo,BSEd-Bio,4,Female
2024-8054,Hui,Hidalgo,BSIS,4,Female
2020-8105,Jessica,Nelson,BSEME,1,Female
2021-8353,James,Xavier,BSEd-Fil,2,Male
2024-4458,William,Hall,BSME,3,Male
2021-5691,Stephanie,Nelson,BPEd,2,Male
2025-4840,Wei,Richardson,BSMEE,1,Female
2023-0059,Robert,Suzuki,BA Pan,4,Female
2024-2142,Mei,De Castro,BEEd-LE,4,Male
2025-4401,Ashley,Parker,BSCpE,1,Female
2023-7270,Patricia,Ito,BSCA,1,Other
2019-5105,Susan,Reyes,BEEd-LE,4,Female
2022-3305,Patricia,Watson,BS Econ,1,Male
2023-7768,Tel,Zabala,BS IAM,1,Male
2025-2025,Kwame,Henderson,BSEE,4,Female
2024-0355,Trisha,Okonkwo,BS Physics,1,Male
2025-5319,Sandra,Watanabe,BET-ChET,4,Female
2021-3210,Lee,Cook,BTLEd-IA,4,Other
2022-3968,Lim,Edwards,BET-EST,1,Male
2021-2363,Mei,Estrada,BEEd-SM,3,Male
2023-2287,Lisa,Lee,BET-MMT,3,Male
2020-8203,Emma,Torres,BA PoS,3,Male
2021-9671,Bel,Parker,BSEd-Fil,1,Male
2023-6048,Jennifer,Sharma,BSME,1,Female
2025-7060,Ralph,Sithole,BSBA-BE,4,Male
2020-4330,William,Garcia,BA Soc,1,Male
2021-4654,Olivia,Wilson,BSBA-BE,4,Male
2024-5200,Park,Aquino,BTLEd-HE,2,Other
2023-3745,Liam,Enrile,BSENTREP,1,Male
2022-3582,Noah,Han,BSEME,3,Female
2022-4993,Akua,Reed,BEEd-SM,3,Female
2025-7497,Precious,Drilon,BA His,3,Female
2019-7817,Sandra,Bernardo,BA PoS,4,Female
2020-7797,Yang,Price,BA His,4,Male
2024-3976,Vel,Mabuza,BSIT,3,Female
2024-0362,Nozomi,Cooper,BET-ChET,3,Female
2020-3166,Sandra,Yap,BS Bio-Animal Biology,4,Male
2024-9585,Del,Kobayashi,BSBA-BE,2,Female
2022-1880,Eduardo,Scott,BS Bio-Plant Biology,1,Male
2024-4224,Susan,Ramos,BSIT,3,Male
2021-4310,Jun,Yamamoto,BSECE,2,Female
2023-0067,Barbara,Jacinto,BA His,1,Female
2021-5732,Efua,Nkosi,BSPsych,3,Female
2019-5984,Camila,Navarro,BS Math,4,Female
2020-5347,Paul,Zabala,BA Fil,4,Female
2024-4954,Marco,Murphy,BSME,3,Male
2025-9824,Shreya,Jung,BS Econ,2,Female
2020-1954,Khalid,Hernandez,BTVTEd-DT,1,Female
2020-7235,Ananya,Sharma,BET-MET,1,Female
2020-4682,Jennifer,James,BET-CET,4,Male
2021-7501,Kwame,Carter,BET-EET,2,Female
2024-1740,Roberto,Cho,BSBA-MM,2,Female
2024-0595,Richard,Mehta,BA Pan,3,Female
2025-2877,George,Nakamura,BS Math,2,Female
2024-4726,Yuki,Williams,BS Bio-Animal Biology,3,Male
2024-9334,Park,Recto,BSBA-BE,2,Male
2024-7865,Susan,Lacson,BSCS,4,Female
2021-9345,Sakura,Gutierrez,BSEd-Phys,2,Male
2023-1907,Patricia,Garcia,BSMetE,4,Male
2023-4862,Karen,Lopez,BSEd-Chem,3,Female
2023-1368,Raj,Cook,BSCerE,3,Male
2025-1972,Roger,Lopez,BS Bio-Biodiversity,4,Female
2024-7159,Xiao,Garcia,BSPhil,3,Female
2024-3388,Zanele,White,BS Stat,2,Male
2022-0794,Richard,Reyes,BSMetE,3,Male
2019-6251,Camila,Cook,BS Applied Physics,1,Female
2025-0770,Roberto,Quiambao,BSCA,4,Male
2021-9313,Priya,Walker,BSChE,3,Female
2021-8767,Rex,Mendoza,BEEd-LE,3,Female
2022-9171,Jason,Joshi,BS Bio-Microbiology,1,Male
2025-1502,John,Brown,BSEnE,4,Female
2023-4407,Amelia,King,BSIT,4,Female
2021-3164,Zanele,De Vera,BTLEd-HE,4,Female
2022-9078,Han,Wright,BS Stat,4,Male
2023-4780,Wei,Watson,BS Mar,3,Male
2023-5225,Marco,Young,BA His,4,Female
2024-2538,Bel,Adams,BSA,4,Female
2023-8157,Sarah,Estrada,BSEd-Phys,4,Male
2022-9082,Blessing,Miller,BS Bio-Animal Biology,1,Other
2020-7833,Liam,Campbell,BS Stat,2,Male
2019-1423,Mel,Hernandez,BET-CET,4,Female
2024-3368,Pooja,Martinez,BSMetE,1,Male
2023-0163,Fatima,De Jesus,BS Math,2,Female
2022-3707,Takeshi,Yap,BET-EET,2,Male
2019-4519,Xiao,Garcia,BSEd-Phys,3,Female
2021-1319,Daiki,Perez,BS Stat,4,Male
2025-7319,Sofia,Puno,BET-EST,2,Female
2021-5865,Siyanda,Henderson,BTLEd-HE,3,Female
2024-5210,Thandi,James,BSBA-BE,1,Female
2023-0664,Pooja,Harris,BPEd,2,Female
2019-6412,Layla,Drilon,BSCE,2,Female
2023-4253,Raj,Barnes,BET-MMT,1,Male
2024-2481,Ashley,Sato,BS Mar,3,Male
2023-5150,Vel,Barnes,BS Math,4,Female
2025-1953,Blessing,Hadebe,BET-ChET,3,Female
2025-0708,Nadia,Yap,BAELS,1,Male
2023-2504,Ama,Mendoza,BS Econ,3,Female
2023-0826,Khalid,Reed,BET-MMT,3,Female
2023-8198,Rohan,Francisco,BSEME,2,Male
2021-5924,Justin,Estrada,BS IAM,4,Male
2024-0148,Khalid,Dlamini,BSChE,2,Female
2022-5905,Ron,Salvacion,BTVTEd-DT,4,Female
2019-5002,Dmitri,Oh,BSEnE,4,Female
2022-2816,Elena,Ramirez,BS Applied Physics,4,Male
2021-5200,Miguel,Patel,BS Bio-Plant Biology,2,Female
2024-4150,Ralph,Jackson,BSECE,2,Other
2022-1669,Mary,Ilagan,BSPhil,1,Male
2025-2050,Noah,Jones,BSA,3,Female
2023-4365,Lisa,Johnson,BSCpE,4,Male
2020-1001,Vikram,San Pedro,BTLEd-IA,3,Female
2024-1894,Tatiana,Singh,BSPsych,3,Female
2020-7313,Takeshi,Perez,BSEE,1,Male
2023-1506,Kevin,De Jesus,BS Bio-Plant Biology,2,Male
2020-2591,Charlotte,Aguilar,BET-MMT,3,Female
2021-9612,Grace,Mitchell,BSEE,4,Female
2019-1705,Natasha,Jacinto,BS Bio-Plant Biology,4,Female
2019-2159,Sofia,Ramirez,BET-ChET,4,Male
2022-3116,David,Cayetano,BSA,1,Female
2019-2046,Ava,Campbell,BET-EST,3,Female
2025-7716,Hiroshi,Ross,BSEd-Chem,3,Female
2019-4435,Pablo,Lee,BSBA-BE,4,Male
2019-1278,Lim,Nxumalo,BS Bio-Biodiversity,4,Male
2022-1786,Eduardo,Macapagal,BS IAM,3,Male
2021-1386,Ivan,Sato,BS Applied Physics,4,Female
2019-0712,Sergei,Price,BS Econ,1,Female
2023-3412,Stephanie,Wright,BSA,4,Male
2021-8967,Olga,Nair,BS Physics,2,Female
2025-7282,Yaw,Zwane,BS IAM,1,Male
2023-7186,Shin,Rogers,BSIT,1,Female
2021-3051,Sel,Kelly,BSBA-MM,3,Male
2025-3568,Rohan,Sanchez,BS Mar,2,Male
2022-5118,Ivan,Jung,BSBA-MM,2,Female
2024-8570,Nomsa,Gutierrez,BSChE,4,Female
2019-8931,Han,Baker,BAELS,4,Female
2024-7944,Khalid,Usman,BEEd-LE,1,Male
2019-7920,Monica,Cele,BSCS,2,Female
2023-3585,Nadia,Wilson,BTLEd-IA,1,Male
2023-0869,Natasha,James,BET-MET,3,Female
2021-2256,Antonio,Salvacion,BAELS,1,Female
2021-2441,Valentina,Patel,BSENTREP,2,Male
2023-0957,Lungelo,Enrile,BET-CET,3,Female
2019-0138,Vel,Jones,BS Bio-Microbiology,3,Male
2019-1071,Rex,Estrada,BSMetE,2,Female
2020-9768,James,Quiambao,BSEME,4,Male
2020-3112,Ron,San Jose,BS Stat,1,Female
2025-8727,Nisha,Tamayo,BA Psych,2,Other
2019-1903,Grace,Ibrahim,BSEME,2,Female
2023-8459,Luis,Walker,BTVTEd-DT,4,Male
2021-0401,Adwoa,Cele,BET-MMT,3,Female
2023-8847,Bongani,Lacson,BTVTEd-DT,4,Female
2025-9897,Lucia,Nxumalo,BS Bio-Biodiversity,2,Female
2023-1650,George,Harris,BSCerE,4,Male
2022-2599,Del,Yoshida,BSA,2,Male
2019-3125,Stephanie,Jackson,BSChE,4,Male
2020-1847,Amanda,Kobayashi,BA Fil,4,Female
2019-2006,Irina,Shah,BSPhil,4,Male
2021-2027,Brian,Scott,BA Soc,4,Male
2020-2861,James,Bernardo,BSECE,2,Female
2019-4680,Hope,Nwosu,BALCS,4,Female
2023-6742,Justin,Davis,BET-EET,4,Female
2019-7139,Khalid,Gupta,BET-EET,1,Male
2019-8884,Miguel,Wright,BET-ChET,3,Female
2022-2062,Melissa,Francisco,BS Bio-Microbiology,4,Female
2020-3789,Randy,Delos Santos,BSEd-Fil,2,Male
2024-6045,Jennifer,Stewart,BSEd-Phys,4,Female
2020-8616,Robert,Ibrahim,BA Psych,3,Male
2019-8133,Tel,Kumar,BSMetE,4,Male
2019-2582,Adwoa,Del Rosario,BS Chem,1,Male
2024-2253,Tatiana,Miller,BET-CET,2,Male
2019-2227,Sipho,Martinez,BA Fil,4,Female
2020-2241,Juan,Ilagan,BSEE,1,Male
2020-8305,Lisa,Kim,BSN,2,Male
2023-1106,Anastasia,Xavier,BAELS,3,Female
2024-5937,Yang,Bernardo,BSIT,4,Female
2022-7487,Natasha,Wilson,BS Physics,3,Male
2021-5099,Kofi,Enrile,BSPsych,3,Female
2023-0654,Mei,Allen,BS Applied Physics,4,Female
2022-1781,Ryota,Cook,BSEd-Chem,2,Male
2024-2213,Lucia,Smith,BSA,4,Male
2020-3690,Andrei,Wilson,BSPhil,2,Female
2020-5803,Vel,Okonkwo,BS Physics,1,Female
2019-6887,Ava,Roberts,BET-EET,1,Female
2023-5899,Irina,Eze,BA Pan,4,Female
2021-5600,Fiifi,Adeyemi,BET-MET,1,Male
2023-8335,Vel,Watson,BA Pan,1,Male
2025-2499,Anastasia,Ward,BSBA-MM,2,Male
2020-9197,Karen,Kumar,BET-MET,3,Male
2024-6752,Thandi,Parker,BSPsych,4,Female
2024-9873,Lin,Rivera,BSMEE,4,Male
2023-9301,Jung,Hernandez,BA PoS,4,Male
2021-2475,Ricardo,Ward,BA Fil,4,Male
2023-9881,Miguel,Perez,BSCA,4,Male
2022-2158,Ana,Cook,BS Bio-Plant Biology,1,Male
2025-1208,Tatiana,Katigbak,BSEd-Phys,4,Female
2021-0463,George,Bautista,BS HM,4,Female
2021-1076,Rex,Francisco,BS Applied Physics,4,Other
2023-1380,Randy,Taylor,BSA,4,Female
2022-6034,Olga,Jung,BSEd-Math,3,Male
2024-4724,Ana,Ward,BSEd-Fil,1,Female
2019-1460,Xiao,Del Rosario,BS Bio-Biodiversity,4,Male
2021-6442,Michael,Turner,BEEd-SM,2,Female
2024-0983,Kwame,Nelson,BSIT,2,Male
2023-8150,Sandra,Sato,BSIT,4,Male
2022-3042,Yaw,Wenceslao,BSMEE,1,Female
2019-1192,Lovely,Scott,BSIT,4,Male
2019-2771,Daiki,Singh,BSCerE,4,Male
2024-0675,Lim,Choi,BALCS,1,Female
2024-8576,Roberto,Adeyemi,BS Bio-Plant Biology,4,Female
2019-9321,Blessing,Magno,BA PoS,2,Female
2022-9369,Thandi,Tanaka,BSIS,4,Male
2020-2639,Nokwanda,Castillo,BSIS,4,Female
2024-7082,Roy,De Guzman,BSECE,3,Male
2021-1706,Jung,Francisco,BET-EET,2,Female
2021-7390,Amanda,Delos Santos,BSEnE,2,Male
2023-8803,William,Khumalo,BSEE,4,Female
2019-5064,Michael,Arroyo,BPEd,1,Male
2023-3399,Blessing,Villanueva,BET-EST,3,Female
2024-0917,Nicole,Singh,BS Math,4,Male
2021-8710,Kim,Parker,BSCE,1,Female
2019-4114,Aditya,De Castro,BSEd-Chem,3,Other
2020-3948,Ricardo,Umali,BA Psych,3,Female
2023-5623,Kofi,Khumalo,BA Fil,2,Female
2021-4755,Camila,Walker,BSEd-Bio,2,Male
2024-5405,Omar,Lopez,BALCS,4,Male
2019-4663,Dmitri,Choi,BS Bio-Plant Biology,4,Female
2021-2487,Renz,Eze,BSEd-Chem,1,Female
2024-6932,Hiroshi,Abante,BA PoS,4,Female
2024-6614,David,Williams,BS Applied Physics,3,Male
2021-5349,Juan,Martinez,BSCerE,4,Female
2022-9128,Trisha,Baker,BS Bio-Microbiology,3,Female
2022-9829,Teresa,Brooks,BS Mar,4,Female
2022-6590,Yaw,Ocampo,BS Math,1,Female
2023-4773,Ren,Johnson,BS Physics,4,Male
2021-4075,Sipho,Gonzalez,BS Mar,2,Male
2019-9566,Sofia,Watanabe,BSPsych,1,Female
2021-5540,Fang,Cox,BSN,1,Female
2024-8166,Natasha,Villanueva,BS Bio-Plant Biology,4,Female
2024-2522,Bongani,Bello,BSEE,3,Male
2024-1916,Joseph,Magno,BET-CET,2,Female
2025-9145,Luis,Jung,BSBA-BE,4,Female
2019-4510,Aditya,Thomas,BS Chem,4,Male
2023-7604,Rex,Kang,BSECE,3,Female
2024-8244,Precious,Thompson,BTLEd-HE,4,Male
2019-0928,Ralph,Jacinto,BTVTEd-DT,3,Female
2019-7792,Siyanda,Clark,BA Soc,1,Female
2019-1976,Precious,Panganiban,BA PoS,3,Female
2020-2675,Rod,Henderson,BSA,1,Male
2025-5245,Ryan,Khumalo,BSME,2,Male
2023-0767,Nhlanhla,Cox,BSENTREP,4,Male
2025-3308,Eduardo,Ward,BSME,4,Male
2022-1846,Liam,Nxumalo,BA Psych,4,Male
2025-3263,Gloria,Zabala,BS Stat,3,Female
2019-6134,Marco,Macapagal,BSEd-Phys,4,Male
2020-3281,Roy,Zwane,BSEd-Fil,3,Male
2024-9001,Cel,Sato,BSCE,3,Female
2025-2021,Monica,Francisco,BSMetE,3,Male
2020-0108,Roger,Rivera,BSPsych,3,Female
2023-6605,Pooja,Nxumalo,BS IAM,3,Male
2022-4114,Sipho,Delos Santos,BS Stat,2,Other
2023-2972,Rohan,Bennett,BSCE,3,Male
2025-2482,Sandra,Ocampo,BSCpE,4,Male
2024-4995,William,Rivera,BA His,1,Male
2021-7275,Efua,Aguilar,BS Chem,3,Male
2025-7458,William,Robinson,BET-MMT,4,Female
2024-3646,Ava,Shah,BA Soc,3,Male
2022-5346,Grace,Hall,BSEE,3,Male
2019-0650,Sofia,Joshi,BET-EET,2,Female
2024-3548,Nel,Eze,BPEd,4,Male
2024-0589,Patricia,Musa,BET-ChET,1,Female
2024-0526,Yaw,Enrile,BSEnE,1,Female
2025-7001,Ama,Macaraeg,BS IAM,4,Male
2025-1820,Emma,Drilon,BS Bio-Biodiversity,2,Male
2020-6688,Sara,Kim,BS Mar,4,Female
2025-3607,Roberto,Lacson,BSIT,3,Female
2020-6378,Ren,Shah,BS Bio-Animal Biology,1,Female
2020-7587,Jennifer,Lopez,BSPhil,4,Male
2024-1623,Valentina,Abante,BSENTREP,1,Male
2023-8790,Lim,Roxas,BSCS,2,Male
2022-1736,Marco,Singh,BET-ChET,2,Male
2020-3115,Charlotte,Roxas,BSEd-Bio,1,Female
2019-5058,Ahmed,Morgan,BET-ChET,1,Female
2019-5202,Stephanie,Gupta,BET-EET,2,Female
2020-8870,Kofi,Bautista,BS Bio-Microbiology,1,Male
2022-9495,Ananya,Buenaventura,BTVTEd-DT,4,Female
2023-7086,Mary,Yap,BET-MET,4,Male
2024-8082,Lim,Puno,BA Fil,2,Female
2023-7358,Sel,Jackson,BALCS,4,Male
2025-2976,Ivan,Evangelista,BSEd-Phys,4,Male
2022-2020,Gel,Yamamoto,BS Bio-Animal Biology,4,Female
2025-1412,Ahmed,Cho,BTLEd-HE,1,Female
2022-6803,Liam,Inigo,BSCpE,3,Female
2019-2551,Nicole,Sanchez,BSPsych,3,Male
2019-0828,Lim,Catapang,BS Bio-Microbiology,3,Male
2025-6980,Nozomi,Yoon,BSEd-Bio,3,Female
2023-7832,Lucia,Rogers,BSCS,3,Male
2024-1030,Jung,De Castro,BSCE,4,Female
2020-3565,David,Bennett,BA His,2,Male
2020-5162,Daiki,Gonzales,BALCS,4,Male
2019-6162,Kevin,Brooks,BSME,3,Female
2023-6984,Paul,Allen,BS Applied Physics,4,Female
2025-7840,Rod,Harris,BSEd-Math,3,Female
2023-1055,Blessing,Ramirez,BSPsych,4,Female
2020-2589,Rohan,Yamamoto,BS Chem,4,Female
2019-8889,Nozomi,Smith,BSN,4,Female
2023-4678,Patricia,Harris,BET-EST,4,Male
2023-9307,Melissa,Evangelista,BS Chem,4,Female
2024-6436,Sandra,Ross,BSIT,4,Female
2020-8592,Sofia,Kato,BSEd-Bio,2,Female
2021-1890,Amelia,Ross,BSEd-Bio,4,Female
2019-1285,Gabriela,Recto,BSCpE,4,Female
2019-7634,Ama,Magno,BSEnE,1,Male
2022-7439,Daiki,De Guzman,BSCerE,3,Female
2019-7880,Teresa,Tanaka,BET-MMT,3,Male
2023-8286,Chen,Ramos,BA Psych,4,Female
2022-5978,Lim,Hill,BSCS,1,Male
2022-6443,Angel,Morales,BS Econ,2,Male
2023-7843,Roberto,Ito,BA Pan,4,Male
2019-8926,Randy,Magno,BSEd-Chem,3,Male
2024-0765,John,Nakamura,BS Bio-Animal Biology,3,Female
2023-2432,John,Williams,BTLEd-HE,4,Male
2022-5569,Olivia,Lopez,BSIS,1,Female
2024-4509,Sandra,Dlamini,BS Bio-Microbiology,4,Female
2019-3958,Emma,Santos,BSIT,3,Female
2019-2465,Choi,Santa Ana,BSCA,4,Male
2025-4461,Robert,Suzuki,BSENTREP,1,Other
2025-3702,Aditya,Buenaventura,BTLEd-HE,3,Male
2023-8811,Christopher,Carter,BET-ChET,4,Female
2023-3309,Antonio,Clark,BS Stat,4,Male
2022-9352,Takeshi,Reddy,BSMetE,3,Male
2021-0700,Kwame,Torres,BSPhil,2,Male
2021-5243,Robert,Watson,BS Math,1,Female
2023-8281,Marco,Dlamini,BSCpE,1,Male
2021-1880,Lovely,Ross,BA His,3,Male
2020-7015,Lindiwe,Lewis,BS Stat,4,Male
2023-9783,Oh,Hadebe,BTVTEd-DT,4,Male
2024-3237,Diego,Sanders,BSBA-BE,2,Male
2025-0605,Jason,De Jesus,BSME,2,Male
2024-7271,Roberto,Oh,BEEd-LE,2,Female
2024-1617,Kwame,Katigbak,BSCpE,3,Female
2025-4848,Kenji,Ward,BSBA-BE,4,Female
2021-0090,Akua,Ito,BS Physics,3,Male
2024-9919,Kofi,Bailey,BS Chem,2,Female
2022-1947,Richard,Gray,BSCS,4,Male
2019-8030,Amelia,Roberts,BSCE,2,Female
2023-2226,Grace,Patel,BAELS,4,Male
2023-7238,Raj,Mthembu,BET-CET,4,Female
2021-5165,Oh,Sharma,BSPsych,2,Female
2023-0210,Ralph,Cruz,BSPhil,1,Female
2020-7583,Sipho,Nxumalo,BALCS,4,Female
2020-6534,Rafael,Hill,BSEME,1,Female
2022-8798,Charlotte,Navarro,BET-CET,2,Male
2023-6754,Aditya,Sithole,BPEd,3,Female
2025-5688,Hope,Sanders,BSMEE,3,Female
2025-6086,Ling,Stewart,BA Fil,3,Female
2021-7167,Nel,Patel,BS Physics,2,Female
2023-4976,Sakura,Escoto,BSEd-Chem,1,Male
2023-7094,Lauren,Roberts,BSCerE,1,Male
2024-0412,Grace,Afolabi,BS Physics,1,Male
2025-9939,Efua,Jackson,BTLEd-IA,1,Male
2020-6921,Efua,Stewart,BSCA,2,Female
2022-6480,Miguel,Davis,BSChE,3,Female
2024-8261,Ahmed,Henderson,BS Applied Physics,2,Female
2021-8826,Roberto,Santos,BSEd-Bio,2,Female
2023-5900,Roy,Torres,BET-MMT,2,Male
2021-1948,Monica,Recto,BET-MMT,3,Female
2020-5529,Jung,Williams,BS Bio-Biodiversity,2,Female
2024-8466,Jessica,Yap,BET-EST,3,Female
2023-6213,Gel,Hill,BSPhil,2,Female
2019-5314,Ricardo,Santa Ana,BAELS,2,Male
2023-0784,Layla,Ramirez,BSIS,1,Male
2021-3506,Michael,Lee,BSEd-Phys,3,Male
2020-3614,Sofia,Mendoza,BSEd-Chem,4,Female
2021-1920,Bel,Hernandez,BSEE,2,Male
2024-6085,Emily,Adams,BA Fil,2,Male
2023-0549,Bel,Bennett,BET-ChET,2,Female
2019-2839,Mark,Joshi,BA Fil,4,Male
2022-3289,Ren,Yoshida,BA His,4,Male
2020-2595,Antonio,Rivera,BSBA-MM,4,Male
2020-1864,Nel,Valdez,BSEd-Fil,1,Male
2023-6985,Sandra,Buenaventura,BA His,4,Female
2024-3761,Diego,Jung,BSEd-Fil,1,Male
2022-2230,Charlotte,White,BSCS,4,Male
2020-6584,Kenneth,Ward,BS Chem,1,Female
2022-8093,Omar,Eze,BS Applied Physics,4,Male
2021-2287,Pablo,Mitchell,BET-CET,2,Female
2022-2362,Lucia,Phillips,BSCerE,4,Female
2024-5463,Lindiwe,Drilon,BS HM,3,Female
2025-9780,Ricardo,Jacinto,BSCerE,3,Male
2025-6813,Eduardo,Jackson,BSEd-Math,2,Male
